"employee_id","first_name","last_name","hire_date","termination_date","department","job_title","gender","age","location","employment_status","termination_reason","salary","tenure_months","year_month","attrition_type"
"ec1b8ca1-f91e-4d4c-9ff4-9b7889463e85","Nicholas","Arnold","2024-05-07","2025-01-20","Finance","Financial Analyst","Non-Binary",29,"Los Angeles","Terminated","Involuntary",60695,"0","2024-05","Involuntary"
"7fcd9eb1-a7ca-4415-b66e-b16f508ebad7","Randall","Rocha","2025-01-10","2025-04-12","Marketing","SEO Specialist","Male",37,"Reno","Terminated","Involuntary",73726,"0","2025-01","Involuntary"
"ff50bde4-3825-47b8-9cab-cc97663f1c97","Whitney","Hicks","2023-03-28","2025-02-07","IT","Software Engineer","Male",25,"Las Vegas","Terminated","Voluntary",121784,"12","2023-03","Voluntary"
"1d53434b-b881-49b9-ae27-0da702f06b90","Erin","Herrera","2025-03-03","2025-04-18","Operations","Ops Manager","Male",40,"Los Angeles","Terminated","Involuntary",139012,"0","2025-03","Involuntary"
"c30ff46e-8026-495f-b8cd-a88b436d76e2","Guy","Gaines","2025-01-30","2025-04-15","Sales","Sales Rep","Male",45,"New York","Terminated","Involuntary",138748,"0","2025-01","Involuntary"
"32ebd689-9be5-48c7-81f6-31d4a39231a7","Eric","Farmer","2024-08-31","2024-11-10","Sales","Account Manager","Female",23,"Las Vegas","Terminated","Voluntary",133504,"0","2024-08","Voluntary"
"99546eb4-0025-4ad1-ab22-63dd87c5421e","Mario","Smith","2023-01-04","2024-10-21","Finance","Accountant","Male",58,"Las Vegas","Terminated","Involuntary",86385,"12","2023-01","Involuntary"
"2ef91276-6c00-4f61-a3e2-fcb472d8567d","Joshua","Wright","2021-07-23","2022-04-10","HR","Recruiter","Female",52,"New York","Terminated","Voluntary",76798,"0","2021-07","Voluntary"
"19108be5-8ce2-4ea3-9b20-a56edc815fe7","Brent","Kidd","2024-12-05","2025-02-05","Marketing","Marketing Manager","Female",38,"Los Angeles","Terminated","Voluntary",104672,"0","2024-12","Voluntary"
"2a25a888-0f02-4ad0-a706-7ef466aa9385","Nicholas","Galloway","2022-09-28","2023-04-17","IT","Data Analyst","Male",59,"Los Angeles","Terminated","Voluntary",96104,"0","2022-09","Voluntary"
"b253d218-6c4a-47ea-8906-17f2747b6dba","Susan","Cowan","2021-08-22","2024-07-10","Sales","Sales Rep","Male",26,"Reno","Terminated","Voluntary",62455,"24","2021-08","Voluntary"
"b0e6a969-e213-42b0-b1ee-dba313432e61","Rebecca","Gardner","2022-06-14","2022-06-24","IT","Data Analyst","Male",43,"Los Angeles","Terminated","Voluntary",109040,"0","2022-06","Voluntary"
"0ab54bde-20a0-4502-ae06-809725e97977","Kyle","Nolan","2024-06-26","2024-12-20","Operations","Logistics Coordinator","Non-Binary",28,"Los Angeles","Terminated","Voluntary",89970,"0","2024-06","Voluntary"
"ae9bec36-35c7-436c-9b99-62c6e61fecc0","John","Garcia","2024-04-17","2025-03-04","HR","Recruiter","Female",41,"New York","Terminated","Voluntary",81158,"0","2024-04","Voluntary"
"0e8fa8e0-284d-42e5-87f7-e1fbda4bd9ca","Susan","Miller","2022-10-30",NULL,"Sales","Sales Rep","Non-Binary",42,"New York","Active","N/A",89179,"24","2022-10","Active"
"dca02eec-acda-4acc-9165-e21098543881","Joe","Wilson","2021-03-30",NULL,"Finance","Financial Analyst","Female",42,"Las Vegas","Active","N/A",143039,"48","2021-03","Active"
"0a2c827e-9832-4856-9434-0a033f07f814","Christine","Barnes","2024-10-06",NULL,"HR","HR Specialist","Male",56,"New York","Active","N/A",128792,"0","2024-10","Active"
"42c18a62-ef48-48d5-90fd-9d3f85d51695","James","Moran","2023-03-26",NULL,"Sales","Sales Rep","Male",45,"Chicago","Active","N/A",100745,"24","2023-03","Active"
"a53f8a28-abf3-43fc-a181-3d25655238a6","Kevin","Stewart","2021-07-04",NULL,"IT","System Admin","Female",61,"Reno","Active","N/A",126200,"36","2021-07","Active"
"9f044aed-7552-4327-8262-7f7312922f83","Yolanda","Ferrell","2024-01-27",NULL,"HR","Recruiter","Non-Binary",28,"New York","Active","N/A",127692,"12","2024-01","Active"
"21e8ac68-43e4-4caf-8181-a8cc369147eb","Sarah","Ibarra","2020-09-05",NULL,"Finance","Accountant","Female",40,"Reno","Active","N/A",69029,"48","2020-09","Active"
"702cdd20-2862-48b8-88f4-ef125e9953d2","Martha","Warner","2024-09-16",NULL,"IT","System Admin","Non-Binary",38,"Reno","Active","N/A",81685,"0","2024-09","Active"
"8768a84f-a76a-4de6-8e9e-1a11fcbb4e59","Alan","Montoya","2023-05-16",NULL,"Marketing","Marketing Manager","Non-Binary",49,"Chicago","Active","N/A",61658,"12","2023-05","Active"
"e0ccedc5-f05d-476e-9a84-a51aa9d3d7c7","Dennis","Wilson","2021-10-23",NULL,"HR","HR Manager","Female",32,"Los Angeles","Active","N/A",72146,"36","2021-10","Active"
"48212ddb-45b8-4cd9-a7cb-6f2a8da01097","Cassandra","Robbins","2020-11-06",NULL,"Sales","Sales Rep","Male",26,"New York","Active","N/A",128519,"48","2020-11","Active"
"81627cf1-4394-42e6-9a58-7e8aa25d6b29","Tracy","Whitehead","2021-05-01",NULL,"Sales","Sales Rep","Female",30,"Las Vegas","Active","N/A",103393,"36","2021-05","Active"
"d450281c-6c6f-4633-a260-772317a0df49","Joshua","Smith","2024-07-17",NULL,"Finance","Financial Analyst","Male",65,"New York","Active","N/A",60229,"0","2024-07","Active"
"295d6fbf-430f-401d-bad4-09e2a319dcb4","Joyce","Arnold","2024-03-03",NULL,"Operations","Ops Manager","Non-Binary",31,"New York","Active","N/A",128385,"12","2024-03","Active"
"f94d6204-6808-493f-9fed-2c43e256a6dc","Christine","Moore","2024-03-19",NULL,"IT","Software Engineer","Female",39,"Las Vegas","Active","N/A",80313,"12","2024-03","Active"
"ccc56569-f9e8-4369-a999-b735dd56cc94","Lisa","Keith","2024-12-17",NULL,"Finance","Financial Analyst","Non-Binary",56,"Chicago","Active","N/A",121768,"0","2024-12","Active"
"c84a7b28-550a-4b46-acab-3301bc8f7d29","Sarah","Pham","2020-06-09",NULL,"HR","HR Specialist","Non-Binary",38,"Las Vegas","Active","N/A",89237,"48","2020-06","Active"
"28c13091-444d-410b-bf87-e362cf8d446a","Kristin","Rodriguez","2024-08-19",NULL,"HR","HR Manager","Female",49,"Reno","Active","N/A",100309,"0","2024-08","Active"
"33173470-38f1-4a81-b87f-2425dbccc477","Lisa","Stevens","2024-09-03",NULL,"Sales","Sales Rep","Female",24,"Los Angeles","Active","N/A",130574,"0","2024-09","Active"
"39118497-3a43-42ba-9f0f-06cbcb9bc326","Andrew","Lee","2021-11-03",NULL,"HR","HR Manager","Non-Binary",64,"New York","Active","N/A",125575,"36","2021-11","Active"
"c5f8bc16-f786-4b50-91c5-8ef0dd463c09","Joshua","May","2021-12-15",NULL,"Finance","Financial Analyst","Non-Binary",42,"Las Vegas","Active","N/A",142062,"36","2021-12","Active"
"09cb3942-43f5-4a85-bbc9-f87af668a617","Daniel","Hamilton","2021-03-17",NULL,"Sales","Account Manager","Non-Binary",33,"Reno","Active","N/A",110108,"48","2021-03","Active"
"fbf6e16f-9b30-40d5-afb7-8271504d281f","William","Cruz","2023-12-16",NULL,"Sales","Sales Rep","Female",40,"New York","Active","N/A",126819,"12","2023-12","Active"
"0710d430-f071-4879-94c6-3cd889456f27","Darrell","Waller","2022-04-24","2025-04-05","Operations","Ops Manager","Female",47,"Chicago","Terminated","Involuntary",142410,"24","2022-04","Involuntary"
"85197ff4-006e-46e3-afa1-7735b572f3d0","Sara","Ryan","2023-03-13","2023-09-26","Marketing","SEO Specialist","Female",65,"New York","Terminated","Involuntary",115946,"0","2023-03","Involuntary"
"17e8392a-55ce-45db-9e87-e04ca2086977","Loretta","Potter","2020-09-26","2023-02-05","Marketing","SEO Specialist","Female",38,"New York","Terminated","Involuntary",75861,"24","2020-09","Involuntary"
"8eb22579-0cdb-4ca4-b6ec-bdd68498e113","John","Charles","2021-03-12","2025-02-21","IT","System Admin","Male",58,"Los Angeles","Terminated","Involuntary",131556,"36","2021-03","Involuntary"
"620e99d3-3b33-43d8-a69c-d696236c7b87","Heather","Mccarthy","2021-11-29","2023-10-01","IT","Software Engineer","Female",42,"New York","Terminated","Voluntary",61590,"12","2021-11","Voluntary"
"d72b6108-2a40-4f12-b963-f37f67814c1f","Tanner","Anderson","2021-12-29","2024-04-01","IT","Data Analyst","Female",58,"Los Angeles","Terminated","Voluntary",130849,"24","2021-12","Voluntary"
"a9ba5a27-907b-4e36-9786-48f864de82e6","Anthony","Day","2023-06-05","2023-06-23","Marketing","Marketing Manager","Male",41,"Reno","Terminated","Voluntary",64961,"0","2023-06","Voluntary"
"53cd6268-610c-4373-8299-9aa40cdf742b","Jason","Murphy","2020-12-28","2022-12-27","HR","HR Manager","Female",64,"Chicago","Terminated","Voluntary",100508,"12","2020-12","Voluntary"
"f3b1025b-fff9-4585-8d55-7b618a175dfe","Michael","Santos","2020-09-21","2020-10-23","Marketing","Marketing Manager","Female",33,"Reno","Terminated","Involuntary",147708,"0","2020-09","Involuntary"
"cbd58bf6-1efd-46e9-8e37-14af99b49350","Tonya","Patton","2024-03-05","2025-02-22","Marketing","Marketing Manager","Female",37,"Chicago","Terminated","Voluntary",93566,"0","2024-03","Voluntary"
"5ad5cf06-364d-4c87-bcd0-129d2e8d0e87","Lauren","Peterson","2020-06-16","2024-08-04","HR","Recruiter","Female",43,"New York","Terminated","Involuntary",116524,"48","2020-06","Involuntary"
"8db06746-7927-4973-9e78-1fd794e0d3ba","Alyssa","Coleman","2023-10-10","2024-03-30","Sales","Account Manager","Female",50,"Chicago","Terminated","Voluntary",123494,"0","2023-10","Voluntary"
"4e7ed827-455a-4762-b428-a656b3ee4d3b","John","Martinez","2024-01-17","2024-06-18","Sales","Sales Rep","Non-Binary",28,"New York","Terminated","Involuntary",129531,"0","2024-01","Involuntary"
"3270e4fa-abae-4f43-bcae-8081bdf070aa","Michael","Jones","2023-11-29",NULL,"Sales","Sales Rep","Female",54,"Reno","Active","N/A",77241,"12","2023-11","Active"
"a9d3c2e6-505c-4686-9f87-1ce75487fd4f","Melanie","Cortez","2023-08-20",NULL,"Finance","Financial Analyst","Male",34,"New York","Active","N/A",85784,"12","2023-08","Active"
"5380b904-688c-4015-aab9-7e494f2d4796","Richard","Phillips","2021-10-25",NULL,"HR","HR Manager","Male",51,"Los Angeles","Active","N/A",117277,"36","2021-10","Active"
"610faa3f-f0bb-4c67-aa38-d0a16ba25efe","Erica","Orr","2020-12-13",NULL,"Operations","Ops Manager","Female",47,"New York","Active","N/A",149155,"48","2020-12","Active"
"d56f0350-8c45-4ce2-a7f4-8ad54d0b0d1a","Aaron","Mitchell","2023-05-23",NULL,"IT","Data Analyst","Female",36,"New York","Active","N/A",55726,"12","2023-05","Active"
"527eecfa-a79a-49aa-9b4e-2c249479e1e6","Steven","Ramos","2022-06-18",NULL,"Operations","Logistics Coordinator","Male",51,"New York","Active","N/A",61582,"24","2022-06","Active"
"f5b78cc7-e6b3-4944-8b32-3e357922bac2","Laura","Jackson","2021-05-20",NULL,"Marketing","SEO Specialist","Female",61,"Reno","Active","N/A",128259,"36","2021-05","Active"
"25b8fd4b-32fa-4de8-8e7a-e7f639820cff","Andrew","Sanchez","2023-09-05",NULL,"Operations","Ops Manager","Non-Binary",37,"Chicago","Active","N/A",123327,"12","2023-09","Active"
"74962764-12a4-4ef0-84bb-b7a9d98868dd","Robert","Soto","2022-09-09",NULL,"Marketing","Marketing Manager","Female",43,"Chicago","Active","N/A",92450,"24","2022-09","Active"
"664fa663-7e8f-4095-a24c-69b6b24445a7","John","Douglas","2021-04-15",NULL,"Sales","Sales Rep","Female",31,"New York","Active","N/A",74769,"48","2021-04","Active"
"e2add909-c521-4f2d-9c45-d539c03f3538","Daniel","Coleman","2020-05-05",NULL,"HR","HR Manager","Female",48,"Las Vegas","Active","N/A",98369,"48","2020-05","Active"
"87f8424d-aae6-4fc1-b6f2-dbfecd29a36f","Vanessa","Larson","2022-08-06",NULL,"Marketing","SEO Specialist","Female",48,"Reno","Active","N/A",101105,"24","2022-08","Active"
"d0a44432-9cd6-4852-b14c-7df4e4347d51","Jennifer","Wagner","2025-01-23",NULL,"Operations","Logistics Coordinator","Female",36,"Chicago","Active","N/A",134069,"0","2025-01","Active"
"28be9288-e5af-4e39-b227-64e68c41561b","Julia","Wells","2024-06-19",NULL,"Marketing","SEO Specialist","Non-Binary",65,"Los Angeles","Active","N/A",105968,"0","2024-06","Active"
"46fde062-a33d-47af-9701-410d3f4b1a70","Katie","Boyd","2021-08-11",NULL,"Operations","Logistics Coordinator","Non-Binary",56,"Las Vegas","Active","N/A",116261,"36","2021-08","Active"
"b6aae05b-13d5-42f7-b09b-7d97464c04af","Justin","Nelson","2023-06-13",NULL,"Marketing","Marketing Manager","Male",63,"Los Angeles","Active","N/A",141900,"12","2023-06","Active"
"7746d0ba-8ae8-405b-94b4-a48268586eba","Robert","Clark","2020-08-20",NULL,"Marketing","SEO Specialist","Female",38,"Las Vegas","Active","N/A",104692,"48","2020-08","Active"
"f2311f17-9586-4a76-8511-55ffe7a37e81","Heather","Gates","2022-06-01",NULL,"Marketing","Marketing Manager","Female",36,"Las Vegas","Active","N/A",125702,"24","2022-06","Active"
"f1578470-0182-47c4-ba1b-58066160a6b4","Michael","Molina","2024-02-21",NULL,"Operations","Logistics Coordinator","Male",23,"Reno","Active","N/A",59067,"12","2024-02","Active"
"89c8d2ab-6b44-4a8d-95f2-5073f41402b1","Julie","Payne","2024-07-31",NULL,"IT","System Admin","Male",58,"New York","Active","N/A",117070,"0","2024-07","Active"
"45df16b6-382c-443f-bcfc-9b793875394c","Ryan","Johnson","2023-05-01",NULL,"Marketing","Marketing Manager","Non-Binary",60,"Las Vegas","Active","N/A",103351,"12","2023-05","Active"
"f3821cfd-c083-473a-873b-d358610e6a64","Marie","King","2024-02-14",NULL,"HR","HR Specialist","Female",53,"Las Vegas","Active","N/A",99725,"12","2024-02","Active"
"07f194f9-c115-4d6d-8a4e-5b70a6d964a3","Stefanie","Gonzalez","2024-03-21",NULL,"Operations","Ops Manager","Female",49,"Reno","Active","N/A",125539,"12","2024-03","Active"
"793b4c32-2050-4494-bd11-48022702878b","Elizabeth","Elliott","2020-06-01",NULL,"Finance","Accountant","Female",50,"New York","Active","N/A",87177,"48","2020-06","Active"
"5e6fea07-c453-4f1d-8199-2fdfb31022f0","Gary","Lawson","2021-05-28",NULL,"Marketing","SEO Specialist","Female",23,"Los Angeles","Active","N/A",142580,"36","2021-05","Active"
"4c1f55ab-7156-49ee-a893-be3d7354ea6f","Michelle","Branch","2021-06-11","2023-06-20","HR","HR Manager","Non-Binary",50,"Chicago","Terminated","Voluntary",116669,"24","2021-06","Voluntary"
"19675f06-bd76-4e35-b5c9-b0479c10c572","Stacey","Clark","2021-11-03","2023-12-31","IT","Software Engineer","Male",52,"Chicago","Terminated","Involuntary",138202,"24","2021-11","Involuntary"
"32a447b2-ef04-457d-8dcc-c33aa9434aa0","Ronald","Stephens","2024-04-02","2024-12-01","Operations","Logistics Coordinator","Male",55,"Chicago","Terminated","Involuntary",109165,"0","2024-04","Involuntary"
"0f44704f-1247-4a4e-a469-98e8d39e198b","Gabriel","Parker","2023-07-21","2025-02-25","Sales","Sales Rep","Female",57,"New York","Terminated","Involuntary",61764,"12","2023-07","Involuntary"
"054f92ff-f366-4ad4-964d-b03f93403fad","Yvonne","Chambers","2025-02-14","2025-04-14","Marketing","SEO Specialist","Female",52,"Los Angeles","Terminated","Involuntary",121698,"0","2025-02","Involuntary"
"d0725b5c-a281-4044-af96-288295d82980","Travis","Davis","2024-11-22","2024-12-20","Operations","Ops Manager","Female",54,"Chicago","Terminated","Voluntary",91208,"0","2024-11","Voluntary"
"71299889-a01a-4992-bf9d-3e64c1a6423b","Kathleen","Harris","2021-04-02","2022-09-21","Marketing","Marketing Manager","Male",54,"Reno","Terminated","Voluntary",119923,"12","2021-04","Voluntary"
"7c16128d-b2c0-4394-a17f-29e170286046","David","Dudley","2023-01-22","2025-02-25","Finance","Financial Analyst","Male",31,"Los Angeles","Terminated","Involuntary",68069,"24","2023-01","Involuntary"
"03802b70-8d03-491e-8f8d-5238288b78b5","Andrea","Davis","2023-05-11","2023-10-29","Operations","Ops Manager","Female",61,"Los Angeles","Terminated","Voluntary",116537,"0","2023-05","Voluntary"
"dd81b7f5-7d59-41c6-a8f1-e091ffb8102d","Edgar","Ryan","2021-10-22","2023-11-13","Operations","Logistics Coordinator","Non-Binary",46,"Reno","Terminated","Voluntary",77946,"24","2021-10","Voluntary"
"8a80068d-df54-4e50-bcea-2045c268283e","Barry","Jones","2021-11-24","2024-05-09","Finance","Financial Analyst","Non-Binary",30,"Las Vegas","Terminated","Voluntary",130965,"24","2021-11","Voluntary"
"5bc440f1-4b1a-469b-8e5d-d462cbd00ef2","Nicholas","Thomas","2024-10-30","2024-11-07","Operations","Logistics Coordinator","Male",36,"Los Angeles","Terminated","Voluntary",116385,"0","2024-10","Voluntary"
"61a11729-3cb9-4350-9b4d-a0fe7bb38605","Ashley","Andrews","2021-04-23","2022-11-07","IT","Software Engineer","Female",64,"Reno","Terminated","Voluntary",105940,"12","2021-04","Voluntary"
"c16d83ed-ad81-48bd-8029-13ec9ef2b93e","Jennifer","Hopkins","2022-01-28","2024-02-20","Sales","Account Manager","Female",34,"Las Vegas","Terminated","Involuntary",62936,"24","2022-01","Involuntary"
"e8dd5e5a-1712-4b16-a1a4-344fbb7bee03","Kenneth","Burgess","2022-07-08","2024-02-20","IT","System Admin","Male",59,"New York","Terminated","Voluntary",63992,"12","2022-07","Voluntary"
"29ec8e49-d1bd-48c0-871d-5e601d5206ab","Tami","Rodriguez","2024-01-20",NULL,"Finance","Financial Analyst","Female",43,"Chicago","Active","N/A",82802,"12","2024-01","Active"
"e87466d7-ad66-41bd-9367-6a024fdc6e1b","Susan","Sanders","2020-06-10",NULL,"Sales","Sales Rep","Non-Binary",34,"Las Vegas","Active","N/A",91211,"48","2020-06","Active"
"d4a057a7-b0cc-4b3b-9793-b9b413748146","Courtney","Garcia","2023-11-21",NULL,"IT","System Admin","Male",52,"Los Angeles","Active","N/A",119038,"12","2023-11","Active"
"11a72609-5edd-4bbf-a959-76636daa2e68","William","Peterson","2022-01-18",NULL,"Operations","Ops Manager","Female",57,"Chicago","Active","N/A",117031,"36","2022-01","Active"
"6efb63b1-1b04-4863-bd7d-dbedd284476c","Susan","Reid","2024-07-24",NULL,"Finance","Financial Analyst","Female",36,"Las Vegas","Active","N/A",90509,"0","2024-07","Active"
"2d174fc9-6f7c-45ea-a72a-6d8eb5122df8","Jessica","Sheppard","2024-06-16",NULL,"Operations","Logistics Coordinator","Male",35,"Los Angeles","Active","N/A",70670,"0","2024-06","Active"
"c64ee6e3-89c5-431a-ab6c-1016cee624d0","Timothy","Graham","2021-08-31",NULL,"Finance","Financial Analyst","Male",34,"Chicago","Active","N/A",123765,"36","2021-08","Active"
"3ed8c56c-da09-4fa0-9282-8d8044b591f7","Mariah","Miller","2023-12-20",NULL,"IT","Data Analyst","Non-Binary",56,"New York","Active","N/A",94618,"12","2023-12","Active"
"91e1aa96-76f7-4255-801f-36bf3e6dd58b","Cheryl","Gray","2024-09-20",NULL,"Finance","Financial Analyst","Non-Binary",30,"Los Angeles","Active","N/A",62146,"0","2024-09","Active"
"8e485223-46b9-4991-a14e-b70db380c73a","Alejandro","Vaughan","2024-09-18",NULL,"HR","HR Specialist","Male",47,"Los Angeles","Active","N/A",117616,"0","2024-09","Active"
"8e200724-7d13-4018-a80b-ac63b856d035","Katherine","Vaughn","2020-09-28",NULL,"HR","HR Specialist","Male",31,"Reno","Active","N/A",144974,"48","2020-09","Active"
"046a0df5-cafd-4613-b2bb-912d7da67785","Christopher","Walker","2023-07-18",NULL,"Finance","Accountant","Non-Binary",48,"Reno","Active","N/A",87530,"12","2023-07","Active"
"f36cb62b-892e-4161-be2d-740a1e9b23bc","Kathleen","Lopez","2021-04-11",NULL,"Operations","Logistics Coordinator","Male",37,"New York","Active","N/A",141563,"48","2021-04","Active"
"96ef2ad6-b97e-4703-86c8-adfe7bf47042","Tiffany","Warren","2021-05-25",NULL,"Sales","Account Manager","Female",60,"Los Angeles","Active","N/A",55350,"36","2021-05","Active"
"4bd6cee6-31b1-4099-9527-21e719bc143e","Jeremy","White","2021-09-23",NULL,"Finance","Financial Analyst","Non-Binary",51,"Las Vegas","Active","N/A",92762,"36","2021-09","Active"
"0ba6eab9-4639-447b-a067-bdac88bd13d1","Terri","Tran","2020-05-20",NULL,"Operations","Logistics Coordinator","Female",29,"Reno","Active","N/A",89675,"48","2020-05","Active"
"c0b6fce2-de53-490a-a34b-6cf62053da42","Travis","Salas","2023-10-20",NULL,"IT","Data Analyst","Male",25,"New York","Active","N/A",89816,"12","2023-10","Active"
"5738811d-70c2-403f-ba8d-03aa782a65e0","Jack","Williams","2023-03-09",NULL,"Finance","Financial Analyst","Female",29,"Los Angeles","Active","N/A",129607,"24","2023-03","Active"
"10ba58e3-d276-4bdc-9d34-d08e7a4c75d4","Richard","Jones","2025-01-07",NULL,"Operations","Ops Manager","Non-Binary",56,"Los Angeles","Active","N/A",107757,"0","2025-01","Active"
"6502d6a2-ca6a-4224-971e-16cc5da36f1b","Alexander","Herrera","2025-02-24","2025-04-14","Marketing","Marketing Manager","Non-Binary",24,"Reno","Terminated","Voluntary",114245,"0","2025-02","Voluntary"
"8a4a0e2d-f22b-4b98-b24c-c64fbe3e6e57","Robert","Newton","2022-08-01","2024-05-31","Operations","Logistics Coordinator","Female",43,"Los Angeles","Terminated","Involuntary",114186,"12","2022-08","Involuntary"
"71d79665-7181-4dcf-b79e-fc6e5edb0d3c","Stephanie","Foley","2025-01-26","2025-01-28","Finance","Accountant","Male",27,"Los Angeles","Terminated","Involuntary",63799,"0","2025-01","Involuntary"
"43ef2016-2c9b-462e-840a-3aae52e2afd9","Brian","Harmon","2024-04-06","2024-07-06","IT","Data Analyst","Non-Binary",62,"Las Vegas","Terminated","Involuntary",64120,"0","2024-04","Involuntary"
"6c4596f6-c012-40ff-b0ed-e303aa53c19c","Miranda","Griffith","2020-12-04","2022-06-24","Marketing","SEO Specialist","Non-Binary",27,"Los Angeles","Terminated","Voluntary",112104,"12","2020-12","Voluntary"
"530ac1c7-b8ba-4368-8fc7-77685ebbcca5","Kimberly","Bradley","2022-05-31","2023-05-27","Finance","Accountant","Non-Binary",60,"Reno","Terminated","Voluntary",139497,"0","2022-05","Voluntary"
"ad9fb00d-4882-473c-9c63-45ab6e0ed1e8","Erika","Tucker","2024-02-02","2024-03-24","Finance","Accountant","Male",37,"Los Angeles","Terminated","Voluntary",121132,"0","2024-02","Voluntary"
"65a674c2-1273-4a23-9aaa-b32fce6322b6","Michelle","Williams","2022-10-25","2024-11-24","Operations","Logistics Coordinator","Non-Binary",64,"New York","Terminated","Voluntary",98694,"24","2022-10","Voluntary"
"ae5ec365-72eb-4474-9458-054ec2874f06","Sandra","Cunningham","2022-10-14","2024-09-10","Operations","Logistics Coordinator","Female",52,"New York","Terminated","Voluntary",124993,"12","2022-10","Voluntary"
"cfa701cd-2631-400b-a6d7-94d30db95301","Anna","Torres","2023-06-18",NULL,"Marketing","SEO Specialist","Non-Binary",42,"Reno","Active","N/A",60224,"12","2023-06","Active"
"6a8a616f-c3b2-40d0-8edd-dfcd1e52d770","Catherine","Gibbs","2025-04-13",NULL,"Finance","Accountant","Non-Binary",39,"Reno","Active","N/A",85005,"0","2025-04","Active"
"3d67cde9-2834-44c0-94c8-b3b4a911d192","Glenn","Jones","2021-05-15",NULL,"Marketing","Marketing Manager","Male",43,"Los Angeles","Active","N/A",142835,"36","2021-05","Active"
"784c2f29-9804-42a2-b07a-a066735435ea","Kelly","Hall","2020-04-29",NULL,"Operations","Ops Manager","Non-Binary",24,"Los Angeles","Active","N/A",141846,"60","2020-04","Active"
"1238d630-743b-45a2-9c0f-2fcfb3f6fe0d","Grace","Bradshaw","2023-11-06",NULL,"HR","HR Specialist","Female",54,"Las Vegas","Active","N/A",97372,"12","2023-11","Active"
"706c5c56-49e2-423d-abd3-461691b78d8e","David","Barker","2024-01-22",NULL,"Finance","Financial Analyst","Male",23,"Reno","Active","N/A",146521,"12","2024-01","Active"
"8a3c3b5e-801e-41da-85b1-ed25f1533ae8","Troy","Miller","2023-10-24",NULL,"IT","System Admin","Male",57,"Los Angeles","Active","N/A",95730,"12","2023-10","Active"
"9a8cfa3c-5283-4ac7-bc0a-6a5d6e996e3e","John","Davis","2020-07-06",NULL,"HR","Recruiter","Male",63,"New York","Active","N/A",69871,"48","2020-07","Active"
"2cd94cbb-c19a-458c-835b-1c8c0a4c9f7f","Thomas","Pearson","2021-08-30",NULL,"IT","Software Engineer","Male",60,"Reno","Active","N/A",73958,"36","2021-08","Active"
"1ac70ec0-ab8d-4eb4-9230-dfbd5553b2fe","Mia","Rivera","2022-01-20",NULL,"HR","HR Manager","Non-Binary",64,"Los Angeles","Active","N/A",94132,"36","2022-01","Active"
"668409e3-f1f8-443e-a99f-131849c8a43f","Lisa","Pierce","2023-10-13",NULL,"IT","Software Engineer","Female",57,"Reno","Active","N/A",118483,"12","2023-10","Active"
"1dad09b2-52c2-4221-809d-360250843242","Tara","Powell","2022-08-03",NULL,"Marketing","Marketing Manager","Non-Binary",37,"Reno","Active","N/A",97176,"24","2022-08","Active"
"de8ede0b-a85c-4e4a-804b-6fabfcf56188","Amy","Gutierrez","2022-11-20",NULL,"Marketing","Marketing Manager","Female",52,"Los Angeles","Active","N/A",108841,"24","2022-11","Active"
"f27292b6-7621-42ed-9d0b-c9bde9b5c5cf","David","Collier","2025-04-10",NULL,"Operations","Ops Manager","Female",62,"Los Angeles","Active","N/A",98065,"0","2025-04","Active"
"b495db4e-8245-4fb4-8ab7-706eb77350ca","Joshua","Davenport","2022-10-22",NULL,"Sales","Sales Rep","Non-Binary",65,"Chicago","Active","N/A",63968,"24","2022-10","Active"
"25074181-8d1f-4540-b4ef-f5453e652603","Patrick","Weeks","2025-03-19",NULL,"IT","Data Analyst","Non-Binary",28,"Los Angeles","Active","N/A",111881,"0","2025-03","Active"
"11df12d7-dd30-4e89-a2f2-35f2e11b868d","Joshua","Tyler","2022-11-09",NULL,"IT","Data Analyst","Female",25,"Chicago","Active","N/A",58794,"24","2022-11","Active"
"44656d6b-81fb-48b3-89a7-d91fef2ae713","Lori","Campbell","2022-05-22",NULL,"Finance","Accountant","Non-Binary",48,"Reno","Active","N/A",74080,"24","2022-05","Active"
"6090d697-8b1e-4b9d-834b-9fbb8d4a75b8","Stanley","Morris","2022-01-15",NULL,"Operations","Logistics Coordinator","Male",51,"Chicago","Active","N/A",131435,"36","2022-01","Active"
"620a60ac-9261-449d-bd22-5c30b28f41de","Jesus","Rowe","2021-04-04",NULL,"Marketing","SEO Specialist","Female",65,"Reno","Active","N/A",56231,"48","2021-04","Active"
"e9d68f23-b489-4070-b914-f8a8bea4ff31","Lisa","Hughes","2020-07-13",NULL,"IT","System Admin","Female",62,"Los Angeles","Active","N/A",100293,"48","2020-07","Active"
"26f05fcf-fb16-45db-a6ea-b79ed21c82f8","Tyler","Johnson","2023-08-19",NULL,"Operations","Logistics Coordinator","Female",52,"Las Vegas","Active","N/A",94599,"12","2023-08","Active"
"19b17e80-dea4-4e17-94fd-9ad39716108e","Morgan","Alexander","2022-10-29",NULL,"IT","System Admin","Female",40,"Las Vegas","Active","N/A",102049,"24","2022-10","Active"
"24e75e8e-b8f2-4423-83ed-d1f874f93d17","Robert","Pena","2022-12-11",NULL,"Operations","Logistics Coordinator","Non-Binary",53,"Chicago","Active","N/A",56061,"24","2022-12","Active"
"43d88870-f81d-4aa1-8812-0a8e78308930","Matthew","Schwartz","2021-01-31",NULL,"IT","Data Analyst","Non-Binary",34,"Reno","Active","N/A",101179,"48","2021-01","Active"
"aca2b148-da33-4aa1-941c-dfcdda0d4a5f","Michele","James","2023-07-25",NULL,"Finance","Accountant","Non-Binary",28,"Las Vegas","Active","N/A",149493,"12","2023-07","Active"
"3a3c8a71-ff57-4e2b-8991-ab9bebc2026f","Julie","Hamilton","2023-06-21",NULL,"Finance","Accountant","Male",30,"Reno","Active","N/A",109460,"12","2023-06","Active"
"19bad7ae-df61-4a5c-b432-3070a23d4c2f","Scott","Benson","2020-10-21",NULL,"Finance","Accountant","Female",52,"Chicago","Active","N/A",90720,"48","2020-10","Active"
"2e183554-cae2-4e66-ae8a-781390e0a95b","George","Miller","2022-12-20",NULL,"Sales","Sales Rep","Female",56,"Las Vegas","Active","N/A",106717,"24","2022-12","Active"
"7f671eec-3da7-4577-aee1-e86b9ea556aa","Roberta","Thomas","2024-09-01",NULL,"Marketing","SEO Specialist","Non-Binary",46,"Chicago","Active","N/A",143125,"0","2024-09","Active"
"aab612c9-415d-474a-b5a6-69814104a8b5","Albert","Ballard","2022-08-15",NULL,"HR","HR Specialist","Non-Binary",57,"Chicago","Active","N/A",116797,"24","2022-08","Active"
"12e89d10-2871-4733-8bed-db12ad77e82f","Scott","Reed","2024-10-26",NULL,"Sales","Account Manager","Non-Binary",41,"Los Angeles","Active","N/A",63285,"0","2024-10","Active"
"b0b862ef-6c9f-42b9-b647-8986a3917c99","John","Bruce","2023-04-02",NULL,"HR","Recruiter","Female",29,"Las Vegas","Active","N/A",59877,"24","2023-04","Active"
"55ab946d-a5b5-4dc2-a181-c85eca0ac6ac","Cameron","Davis","2022-01-02","2023-12-26","Sales","Account Manager","Male",41,"Las Vegas","Terminated","Involuntary",69573,"12","2022-01","Involuntary"
"17ec889c-86c1-46cb-a996-30f7af77520e","Debbie","Henderson","2024-06-16","2025-02-02","Sales","Account Manager","Male",62,"Los Angeles","Terminated","Voluntary",106177,"0","2024-06","Voluntary"
"9c4ffb46-71b7-41aa-b836-f5713ccec76c","Justin","Goodman","2022-05-15","2024-05-12","Marketing","Marketing Manager","Non-Binary",34,"Chicago","Terminated","Involuntary",88202,"12","2022-05","Involuntary"
"c8cc7cfe-cf01-4944-b731-57494f3949a8","Taylor","Conley","2022-07-23","2024-01-12","Finance","Financial Analyst","Female",29,"Chicago","Terminated","Voluntary",140948,"12","2022-07","Voluntary"
"c4f9eccd-7630-48a7-b0ca-fdd8fc043f08","Juan","Reyes","2022-02-25","2025-02-23","Marketing","SEO Specialist","Male",53,"Los Angeles","Terminated","Involuntary",105678,"24","2022-02","Involuntary"
"9acb394a-cd1f-4318-b31f-63fbd11fc8c0","Devon","Wright","2022-12-14","2025-03-27","Finance","Financial Analyst","Male",49,"Reno","Terminated","Involuntary",65828,"24","2022-12","Involuntary"
"1f317405-4d18-4eba-bcd5-fd7f49c10669","Brandon","Barnes","2022-12-14","2023-03-20","IT","Software Engineer","Non-Binary",46,"Reno","Terminated","Voluntary",79385,"0","2022-12","Voluntary"
"2227219f-551f-4086-81b5-b5cabc3536df","Bradley","Payne","2023-06-16","2024-11-21","Sales","Account Manager","Non-Binary",52,"Reno","Terminated","Voluntary",95539,"12","2023-06","Voluntary"
"fb16f757-76f1-46ab-af47-5b49c775e395","Heather","Welch","2024-05-19","2024-07-17","Marketing","SEO Specialist","Non-Binary",26,"Los Angeles","Terminated","Voluntary",71426,"0","2024-05","Voluntary"
"4f612217-eef1-4694-90ca-e32d0aba590e","Zachary","Hays","2020-07-13","2021-06-26","IT","System Admin","Male",29,"Reno","Terminated","Voluntary",111704,"0","2020-07","Voluntary"
"cca1b45c-1fdd-480a-85f1-861954f90429","Micheal","Preston","2024-03-20","2025-03-03","Sales","Sales Rep","Non-Binary",57,"Chicago","Terminated","Voluntary",87847,"0","2024-03","Voluntary"
"15260718-cd18-4a82-8447-ceab84ef4324","Jessica","Miller","2022-10-20","2025-02-15","Sales","Account Manager","Non-Binary",24,"Las Vegas","Terminated","Voluntary",77439,"24","2022-10","Voluntary"
"233ffc82-92ec-49af-93ae-c376c359810a","Alyssa","Sanders","2025-01-21","2025-02-25","Marketing","Marketing Manager","Female",58,"Chicago","Terminated","Involuntary",87541,"0","2025-01","Involuntary"
"2fa0d842-bc55-400b-86a2-41af1d0af7f7","Victor","Hughes","2023-07-25","2024-01-01","IT","Software Engineer","Female",41,"Los Angeles","Terminated","Involuntary",122466,"0","2023-07","Involuntary"
"cac4d0eb-3373-430e-bc31-a5971f119c0f","Dominic","Tyler","2024-04-13","2024-10-22","Finance","Accountant","Female",45,"Chicago","Terminated","Voluntary",71864,"0","2024-04","Voluntary"
"fba6abf7-cdbc-4653-b7a7-e8b75e70f65f","Andrea","Salazar","2020-06-11","2023-02-22","Sales","Account Manager","Non-Binary",24,"Las Vegas","Terminated","Voluntary",81090,"24","2020-06","Voluntary"
"5128b9b1-f8ed-40ca-a015-6a7212e153a6","Dawn","Cole","2024-02-28","2025-02-10","Sales","Account Manager","Male",47,"Reno","Terminated","Voluntary",97987,"0","2024-02","Voluntary"
"d47d577b-fa5a-41ca-859d-d55d4b943e30","Dominique","Hill","2025-04-11",NULL,"Marketing","SEO Specialist","Non-Binary",28,"Los Angeles","Active","N/A",75253,"0","2025-04","Active"
"f93e08d5-bea2-4dfe-873f-6e1baf908e3c","Brandon","Obrien","2023-02-22",NULL,"Sales","Sales Rep","Non-Binary",45,"New York","Active","N/A",91666,"24","2023-02","Active"
"c696f5e6-4944-451b-a726-be23e776b886","Lauren","Lawson","2022-10-19",NULL,"Marketing","SEO Specialist","Male",65,"Chicago","Active","N/A",85947,"24","2022-10","Active"
"a0a11839-e745-4704-98df-bc3ca0d4de3d","Debbie","Parker","2024-07-03",NULL,"Marketing","Marketing Manager","Male",43,"New York","Active","N/A",82801,"0","2024-07","Active"
"e05fb8bc-8a16-406c-8958-e75e21d53971","Teresa","Schmidt","2021-03-11",NULL,"IT","System Admin","Male",39,"New York","Active","N/A",74340,"48","2021-03","Active"
"e9ff1cae-41c8-4a8c-aa1f-955ad499da99","Makayla","Olson","2024-11-18",NULL,"IT","Data Analyst","Non-Binary",23,"New York","Active","N/A",77871,"0","2024-11","Active"
"cde22f1c-56b6-4afc-9ed2-55d0bf1e8366","Darius","Mccarty","2024-05-06",NULL,"HR","HR Manager","Female",23,"New York","Active","N/A",86186,"0","2024-05","Active"
"ad238d36-dc32-4c97-b9c1-e262f76c8ede","Jennifer","Whitney","2021-01-07",NULL,"Finance","Accountant","Non-Binary",26,"Los Angeles","Active","N/A",110176,"48","2021-01","Active"
"431d029f-ac1e-46d8-bfbf-397bac3e7b0d","Brenda","Carson","2022-08-03",NULL,"Finance","Accountant","Female",47,"Los Angeles","Active","N/A",59082,"24","2022-08","Active"
"78b2b549-3bdb-409e-acc2-16a01bbc91f7","Angel","Henson","2025-01-05",NULL,"Operations","Ops Manager","Male",27,"Chicago","Active","N/A",148375,"0","2025-01","Active"
"a5cc8bf7-38ab-454c-9c2e-58deea4e3617","Bryan","Colon","2023-02-14",NULL,"Sales","Account Manager","Non-Binary",62,"Reno","Active","N/A",71540,"24","2023-02","Active"
"1dde7969-6886-43db-a634-8e784d5c55c7","Donald","Shah","2024-11-10",NULL,"Sales","Account Manager","Female",54,"Reno","Active","N/A",104925,"0","2024-11","Active"
"3c1bdacc-18e1-4331-9dba-12677e1ca5a1","Paige","Taylor","2021-11-01",NULL,"Marketing","Marketing Manager","Non-Binary",63,"Reno","Active","N/A",146983,"36","2021-11","Active"
"d56ce8ea-1959-4b5a-a7a8-f6366a35df59","Tracy","Russell","2021-02-01",NULL,"Marketing","SEO Specialist","Female",42,"Chicago","Active","N/A",67463,"48","2021-02","Active"
"e6d5901d-8b62-4d41-9e09-a9eeaf88bdec","Tiffany","Howard","2020-10-23",NULL,"HR","HR Specialist","Non-Binary",25,"Reno","Active","N/A",103843,"48","2020-10","Active"
"f2f25eef-1f45-4bfd-b7dc-67e030974b2b","Melanie","Gibson","2022-04-22",NULL,"Sales","Sales Rep","Female",44,"Los Angeles","Active","N/A",142819,"36","2022-04","Active"
"8d2238e6-c7bf-4fbc-943c-dd6de0c1ff1e","Danielle","White","2023-09-18","2024-04-06","Operations","Ops Manager","Non-Binary",58,"Chicago","Terminated","Involuntary",121494,"0","2023-09","Involuntary"
"d4d60735-0e2f-4958-9e43-1e06e9247069","David","Hernandez","2025-02-22","2025-03-21","Marketing","Marketing Manager","Female",59,"Chicago","Terminated","Involuntary",98416,"0","2025-02","Involuntary"
"f28e4122-5894-47f1-b9b8-6bb2b596ca7c","Shelley","Jacobson","2021-02-19","2022-06-26","Operations","Ops Manager","Female",63,"Reno","Terminated","Voluntary",133238,"12","2021-02","Voluntary"
"24c778a5-9b4e-464b-9716-dc2e343ada2a","Larry","Higgins","2022-07-06","2023-11-14","Finance","Financial Analyst","Female",52,"Chicago","Terminated","Voluntary",145471,"12","2022-07","Voluntary"
"c2baf0e0-2179-43f0-a612-4ab4f9b21e6e","Mitchell","Hoffman","2023-12-26","2025-02-17","Sales","Sales Rep","Non-Binary",65,"Reno","Terminated","Involuntary",92721,"12","2023-12","Involuntary"
"24108e9a-3f77-4cae-b318-b96d44790612","Colin","Roberts","2021-11-28","2023-07-01","Marketing","Marketing Manager","Female",24,"Chicago","Terminated","Involuntary",100237,"12","2021-11","Involuntary"
"28caaa1d-c35b-4c2c-b098-f7b2500e15c0","Tyrone","Robertson","2021-12-13","2023-11-23","IT","System Admin","Female",30,"Las Vegas","Terminated","Involuntary",128664,"12","2021-12","Involuntary"
"673ba8bd-c38c-4dec-9da3-9a73ba3df7ff","Michael","Morales","2022-06-20","2024-12-24","Operations","Logistics Coordinator","Female",42,"Chicago","Terminated","Involuntary",117580,"24","2022-06","Involuntary"
"9c6d52d5-ae2e-4af9-9f8c-c29ffd350c5f","David","Hester","2024-02-19","2024-06-18","Marketing","SEO Specialist","Female",33,"Chicago","Terminated","Voluntary",59763,"0","2024-02","Voluntary"
"09f64405-0b99-4034-8a4e-255280051b10","Derrick","Cook","2021-04-23","2023-05-08","Marketing","SEO Specialist","Female",34,"Las Vegas","Terminated","Involuntary",72589,"24","2021-04","Involuntary"
"98cf1188-06d2-4913-a117-3719b023a0ea","Thomas","Coffey","2024-04-18","2025-01-13","Marketing","Marketing Manager","Female",63,"Chicago","Terminated","Involuntary",94576,"0","2024-04","Involuntary"
"80773e33-690e-4e62-b432-3ec6b0c4a01c","Kimberly","Knapp","2021-11-18","2022-05-27","Operations","Ops Manager","Non-Binary",64,"New York","Terminated","Involuntary",109505,"0","2021-11","Involuntary"
"c56bad4c-4c30-47c4-bb75-6923f910abb3","Keith","Clark","2023-02-08","2023-08-08","Marketing","SEO Specialist","Female",58,"Las Vegas","Terminated","Involuntary",72294,"0","2023-02","Involuntary"
"0ac4de85-4a5b-4aff-a57f-7595cdfb4db9","Keith","Klein","2024-05-28","2025-04-10","Sales","Sales Rep","Female",48,"New York","Terminated","Voluntary",116875,"0","2024-05","Voluntary"
"36c7d6fa-7aa4-4052-bf51-936241a64fed","James","Ryan","2022-01-17","2023-06-29","IT","Software Engineer","Female",46,"Los Angeles","Terminated","Involuntary",104081,"12","2022-01","Involuntary"
"23310a28-c550-4ca8-ae62-990c19bd4f93","Adam","Pierce","2022-05-19","2024-06-26","HR","HR Manager","Non-Binary",56,"Los Angeles","Terminated","Involuntary",115686,"24","2022-05","Involuntary"
"9a4ffc0c-9165-42ed-8c63-6e95025f5543","Daniel","Bird","2024-12-10","2025-04-09","IT","System Admin","Non-Binary",42,"New York","Terminated","Involuntary",130690,"0","2024-12","Involuntary"
"e3a68a70-7e71-4b55-8639-bd418b15bd94","Sheena","Rosales","2021-09-26","2025-04-11","Finance","Financial Analyst","Female",25,"Reno","Terminated","Voluntary",109206,"36","2021-09","Voluntary"
"bb2aa146-2999-494c-94a7-b69b1cd66b09","Stephen","Scott","2022-08-27","2023-03-02","Sales","Account Manager","Non-Binary",53,"Las Vegas","Terminated","Voluntary",137050,"0","2022-08","Voluntary"
"aca58d95-915a-4c30-8b86-b5a1ca6fbff8","Katherine","Thompson","2021-03-30","2024-03-30","Finance","Financial Analyst","Non-Binary",48,"Los Angeles","Terminated","Involuntary",123742,"36","2021-03","Involuntary"
"ef9240b6-52d7-4f10-ba3a-6e9623ff23d3","John","Green","2023-08-30","2023-12-19","Finance","Accountant","Non-Binary",48,"Los Angeles","Terminated","Voluntary",115689,"0","2023-08","Voluntary"
"5e175b66-4b87-459f-b0cd-7f05ea87855e","Christina","Robinson","2021-11-13","2022-04-09","IT","Data Analyst","Female",41,"Las Vegas","Terminated","Voluntary",117835,"0","2021-11","Voluntary"
"f8999246-98de-4ebb-a3b5-cecea446be72","Andrew","Buchanan","2023-08-18",NULL,"Operations","Ops Manager","Female",28,"Reno","Active","N/A",92700,"12","2023-08","Active"
"34885a46-9088-4eaf-8977-6598203c8c25","Casey","Hubbard","2021-07-13",NULL,"Sales","Account Manager","Male",28,"Chicago","Active","N/A",141079,"36","2021-07","Active"
"3ba5cd2f-dea4-4c19-9024-3d723748967f","Mark","Hernandez","2021-05-08",NULL,"Sales","Sales Rep","Female",57,"Reno","Active","N/A",91512,"36","2021-05","Active"
"fbe94499-dbc0-40fd-86fb-7bf300b9d4a3","Duane","Anderson","2024-10-25",NULL,"Sales","Sales Rep","Non-Binary",64,"Chicago","Active","N/A",127972,"0","2024-10","Active"
"ddcf8766-a93b-42cd-9c24-220e2cabd7e7","Anthony","Smith","2021-07-26",NULL,"HR","Recruiter","Female",44,"Las Vegas","Active","N/A",147104,"36","2021-07","Active"
"5fa5e0aa-9b11-4530-bd24-7c11bf6b8cdf","Robert","Dunn","2020-12-24","2021-08-23","IT","Data Analyst","Non-Binary",60,"New York","Terminated","Voluntary",117773,"0","2020-12","Voluntary"
"c3093b6e-37e9-42e2-935a-c07aaa0217d0","John","Fischer","2022-09-01","2024-02-03","Marketing","SEO Specialist","Female",56,"Chicago","Terminated","Involuntary",92101,"12","2022-09","Involuntary"
"33c08bf1-8167-499f-a723-ada38c32bdb2","Ashley","Hernandez","2023-02-19","2023-04-09","Finance","Financial Analyst","Male",58,"New York","Terminated","Involuntary",96015,"0","2023-02","Involuntary"
"4ee4334e-ce92-4136-ac3a-812f765e6cb5","Jennifer","Foster","2022-08-07","2022-10-03","Finance","Financial Analyst","Female",32,"Chicago","Terminated","Involuntary",149838,"0","2022-08","Involuntary"
"649f7d88-8989-45ab-be2b-34d82db0728d","Allison","Luna","2023-08-01","2024-03-08","Sales","Account Manager","Male",28,"Las Vegas","Terminated","Voluntary",120826,"0","2023-08","Voluntary"
"df495037-b40a-4181-ac09-bdb799086e47","Brandon","Yang","2020-10-26","2020-12-20","Marketing","Marketing Manager","Non-Binary",24,"New York","Terminated","Involuntary",129167,"0","2020-10","Involuntary"
"c6ac1b04-dd1d-4cd1-811f-6bf5379ef467","Brian","Gordon","2022-04-29","2023-01-10","IT","Data Analyst","Male",65,"Chicago","Terminated","Involuntary",90532,"0","2022-04","Involuntary"
"b852b3cd-9442-45e6-9583-1d58ef4c5119","Robert","Hernandez","2021-01-16","2022-02-27","Finance","Financial Analyst","Female",49,"Reno","Terminated","Involuntary",98193,"12","2021-01","Involuntary"
"b93b17fb-f76d-45fd-bd16-45a0d253d966","Darlene","Henry","2023-09-27","2024-02-22","IT","System Admin","Non-Binary",62,"Los Angeles","Terminated","Involuntary",93200,"0","2023-09","Involuntary"
"8bea75c1-b866-47aa-a3d4-526b2b54ff7a","Tracy","Stark","2021-02-26","2024-06-18","Sales","Account Manager","Female",45,"Las Vegas","Terminated","Involuntary",104290,"36","2021-02","Involuntary"
"6e3a0ba8-ac8d-4c7d-b2a6-e468d02b1243","Linda","Browning","2025-03-14","2025-03-14","Operations","Logistics Coordinator","Non-Binary",64,"Chicago","Terminated","Voluntary",69335,"0","2025-03","Voluntary"
"f5948a54-5f80-4eeb-943a-9aff659b0105","Richard","Cunningham","2024-05-22","2024-08-20","Finance","Accountant","Male",38,"New York","Terminated","Involuntary",68886,"0","2024-05","Involuntary"
"608e2f5c-6117-4270-a7c0-518b17efa621","Angela","Brown","2024-08-09","2025-02-22","Marketing","Marketing Manager","Female",28,"Chicago","Terminated","Voluntary",100215,"0","2024-08","Voluntary"
"a518a418-6f14-43f6-9867-888b7ff6b824","Kristen","Knight","2020-05-12","2021-03-18","Marketing","Marketing Manager","Female",41,"Chicago","Terminated","Voluntary",70213,"0","2020-05","Voluntary"
"3ad1fa33-0ae4-4c11-ab4d-8f42873570a2","Jason","Parrish","2024-08-08","2024-09-01","Marketing","SEO Specialist","Male",50,"Los Angeles","Terminated","Involuntary",100652,"0","2024-08","Involuntary"
"d9b59f84-edc3-41c3-adea-2d2d086c405f","Leonard","Ali","2024-10-23","2025-02-04","Operations","Logistics Coordinator","Non-Binary",32,"Chicago","Terminated","Voluntary",122632,"0","2024-10","Voluntary"
"3b6dca0d-6fe5-440b-9901-ef870dbf0caf","Mary","Peterson","2022-10-26","2025-04-02","Finance","Accountant","Non-Binary",33,"Chicago","Terminated","Voluntary",130674,"24","2022-10","Voluntary"
"72c22a16-79eb-4168-9045-56e5bee3eb79","Kimberly","Palmer","2022-12-11",NULL,"HR","Recruiter","Female",51,"Chicago","Active","N/A",83197,"24","2022-12","Active"
"9d77a45e-f206-4269-b8b7-7c0780fb9296","Bradley","Logan","2020-11-10",NULL,"IT","Software Engineer","Non-Binary",60,"Las Vegas","Active","N/A",149581,"48","2020-11","Active"
"a4b1f991-7542-4646-8d37-a539857dd3b3","Tamara","Brown","2024-08-25",NULL,"HR","HR Specialist","Non-Binary",27,"Chicago","Active","N/A",135981,"0","2024-08","Active"
"1ba362e7-afa4-45e5-ad20-449666d06371","Tracy","Browning","2022-09-16",NULL,"Marketing","SEO Specialist","Female",39,"New York","Active","N/A",118656,"24","2022-09","Active"
"25f934bf-9bb9-4155-9275-eb9414aeaf5c","Cameron","Hill","2020-09-06",NULL,"Sales","Sales Rep","Female",65,"Reno","Active","N/A",111349,"48","2020-09","Active"
"6182f347-533f-4a72-b64f-a54a8c611654","Virginia","Schmidt","2023-06-24",NULL,"Marketing","Marketing Manager","Male",47,"Reno","Active","N/A",95425,"12","2023-06","Active"
"cb08587d-1963-426d-ae21-8b099afd4015","Jacqueline","Farrell","2022-08-01",NULL,"HR","HR Specialist","Male",38,"Chicago","Active","N/A",94507,"24","2022-08","Active"
"dd90e79e-b888-46ed-8d24-4e3ec4dabddb","Jason","Hayes","2023-07-27",NULL,"Finance","Financial Analyst","Male",30,"Los Angeles","Active","N/A",120193,"12","2023-07","Active"
"66132e69-7418-4109-93d1-bf0f56c438e4","Robert","Davis","2021-06-16",NULL,"Sales","Account Manager","Male",47,"Las Vegas","Active","N/A",120570,"36","2021-06","Active"
"f41ea3ac-5fd2-4109-8140-752caa448259","Elijah","Leblanc","2022-06-13",NULL,"Marketing","SEO Specialist","Non-Binary",49,"Reno","Active","N/A",65205,"24","2022-06","Active"
"6e8f75a1-17dd-4d81-95da-705cd4ef00aa","Colin","Rodgers","2020-08-25",NULL,"Marketing","SEO Specialist","Male",47,"Las Vegas","Active","N/A",109747,"48","2020-08","Active"
"f4e559e5-9622-4348-8f5a-e9d38e6e5003","Anna","Rivera","2024-05-16",NULL,"Finance","Financial Analyst","Non-Binary",45,"Las Vegas","Active","N/A",136018,"0","2024-05","Active"
"1a85910d-5a05-4c11-8ffc-a6b199b479d4","Becky","Lewis","2025-02-26",NULL,"Finance","Financial Analyst","Male",26,"Reno","Active","N/A",84041,"0","2025-02","Active"
"59a1120e-1bb4-4332-98e7-012f39681c81","Megan","Richardson","2023-08-07",NULL,"Operations","Logistics Coordinator","Female",44,"New York","Active","N/A",121840,"12","2023-08","Active"
"6dda4f8d-cea6-4f4c-b9e5-8ff092f837d4","Megan","Villegas","2024-02-16",NULL,"IT","Data Analyst","Male",60,"New York","Active","N/A",88550,"12","2024-02","Active"
"c5acc354-15f0-4cb4-a14c-721da921cb4c","Christine","Yates","2022-06-22","2024-05-28","Finance","Financial Analyst","Non-Binary",59,"Las Vegas","Terminated","Voluntary",143288,"12","2022-06","Voluntary"
"3e245fbf-fa69-4cd2-be23-90f3e7bbaefc","Ashley","Jackson","2020-09-26","2024-11-11","Marketing","SEO Specialist","Female",50,"Los Angeles","Terminated","Involuntary",108626,"48","2020-09","Involuntary"
"614077d3-9ec4-4a48-9773-f98d550c2fe9","Linda","Rivera","2021-11-02","2025-02-19","HR","HR Specialist","Female",28,"New York","Terminated","Involuntary",126611,"36","2021-11","Involuntary"
"982a2277-f966-459f-a6aa-59e5dc08bf29","Derek","Flores","2021-12-27","2024-09-13","Finance","Financial Analyst","Female",27,"Los Angeles","Terminated","Voluntary",113947,"24","2021-12","Voluntary"
"65f30779-f6ee-4cdb-ad79-a2d1506e50c7","Tanya","Carter","2025-01-18","2025-02-06","HR","HR Manager","Non-Binary",44,"Reno","Terminated","Voluntary",82509,"0","2025-01","Voluntary"
"11b461e9-b15d-472d-94ce-e27c4a94ae9f","Lori","Flynn","2023-11-09","2024-06-30","Finance","Accountant","Male",31,"Chicago","Terminated","Voluntary",146937,"0","2023-11","Voluntary"
"40afbf3f-3df5-4967-8d86-70bda2224f96","Donna","Espinoza","2022-05-12","2023-11-02","IT","Data Analyst","Non-Binary",62,"Chicago","Terminated","Involuntary",119154,"12","2022-05","Involuntary"
"9cd8758b-a5a1-4825-aa95-28c35ae1dbad","Bradley","Terrell","2024-02-28","2024-12-02","HR","Recruiter","Male",53,"Chicago","Terminated","Involuntary",83551,"0","2024-02","Involuntary"
"cbd5cc86-f739-46e9-94e3-8579c0afd193","Russell","Smith","2023-09-14","2024-05-06","Finance","Accountant","Non-Binary",53,"Chicago","Terminated","Involuntary",126737,"0","2023-09","Involuntary"
"b00ac64c-949c-48d4-8ed8-a80d84cfee39","Barbara","Griffin","2021-08-10","2023-07-02","Operations","Ops Manager","Male",29,"New York","Terminated","Voluntary",68051,"12","2021-08","Voluntary"
"15fa9483-f633-4c2d-aba9-00e16a7d5d96","Darren","Shepard","2020-06-08","2020-12-11","IT","System Admin","Female",38,"Las Vegas","Terminated","Involuntary",67234,"0","2020-06","Involuntary"
"1d3e503a-9645-40e4-a47d-c3929c7eb575","Michael","Bruce","2023-07-06","2024-08-03","Finance","Accountant","Female",63,"Las Vegas","Terminated","Involuntary",73327,"12","2023-07","Involuntary"
"1df05d18-4e2d-4255-bd13-1a3d1e2c2e7d","Isaac","Steele","2020-09-26","2021-05-08","Operations","Logistics Coordinator","Non-Binary",47,"Chicago","Terminated","Voluntary",122862,"0","2020-09","Voluntary"
"9e91a71c-7374-4cbf-978c-57d3508850d3","Brian","Howard","2022-10-06","2023-02-13","Marketing","Marketing Manager","Female",26,"Las Vegas","Terminated","Involuntary",102895,"0","2022-10","Involuntary"
"bcd4344f-cf8a-468e-b5ba-93573ca87f31","Brianna","Bell","2025-04-13","2025-04-23","Sales","Account Manager","Male",39,"Las Vegas","Terminated","Involuntary",76884,"0","2025-04","Involuntary"
"98cbaa52-47f5-4019-8843-8de259cf0b0d","Amber","Morris","2021-05-07","2021-08-01","Operations","Ops Manager","Non-Binary",45,"Las Vegas","Terminated","Voluntary",120031,"0","2021-05","Voluntary"
"83b0b35c-dba6-4df8-b3d0-4ffb44709848","Tricia","Shelton","2023-11-01","2024-04-05","Marketing","Marketing Manager","Female",28,"Reno","Terminated","Voluntary",103193,"0","2023-11","Voluntary"
"d8dff535-c62d-4aea-9e70-bd3000a21367","Jessica","Simon","2025-01-24","2025-02-23","Finance","Accountant","Non-Binary",51,"Las Vegas","Terminated","Involuntary",97899,"0","2025-01","Involuntary"
"8e867f3c-a487-4eab-accb-461a9d132363","Anthony","Hickman","2024-05-28",NULL,"Operations","Ops Manager","Female",58,"Reno","Active","N/A",137306,"0","2024-05","Active"
"45f50c52-2e2f-4f77-8769-79d644777442","Jacqueline","Parker","2024-06-17",NULL,"Marketing","SEO Specialist","Non-Binary",42,"New York","Active","N/A",128989,"0","2024-06","Active"
"24ac2130-deaf-428d-ae70-983801902620","Ashley","Morales","2022-01-05",NULL,"Marketing","SEO Specialist","Female",59,"Las Vegas","Active","N/A",112961,"36","2022-01","Active"
"177d6e7e-07d9-44ce-b8c8-8faea2178f84","Julie","Lewis","2021-01-09",NULL,"Finance","Financial Analyst","Female",24,"Las Vegas","Active","N/A",95685,"48","2021-01","Active"
"c122b5b3-284c-43d2-a7d4-15b60d77c5a0","Christine","Craig","2020-09-27",NULL,"Marketing","Marketing Manager","Female",58,"New York","Active","N/A",127655,"48","2020-09","Active"
"9b69554d-7c54-435f-ac8c-3b6aa974d079","Scott","Nelson","2021-09-03",NULL,"Finance","Accountant","Male",50,"Las Vegas","Active","N/A",120715,"36","2021-09","Active"
"fc04a168-652f-4b49-b873-e57f0ba078e8","Carol","Smith","2023-08-26",NULL,"Marketing","Marketing Manager","Female",45,"Chicago","Active","N/A",134928,"12","2023-08","Active"
"c3a00c6f-2321-41e1-8471-04c036136e15","Jonathan","Murphy","2021-10-27",NULL,"Marketing","Marketing Manager","Non-Binary",63,"Chicago","Active","N/A",99350,"36","2021-10","Active"
"2112507c-2cfa-45b0-ae3f-683abf3c5140","Omar","Padilla","2020-05-09",NULL,"HR","HR Manager","Female",40,"Chicago","Active","N/A",128133,"48","2020-05","Active"
"5024bdc6-dcb3-4df3-93ee-cdc6ebd14d2c","Barbara","Berry","2020-05-29",NULL,"Finance","Financial Analyst","Male",60,"Las Vegas","Active","N/A",140990,"48","2020-05","Active"
"67b03283-1d7c-4098-8a1d-ab326aedfdc7","Andrew","Nguyen","2023-11-11",NULL,"Finance","Financial Analyst","Male",64,"Reno","Active","N/A",139343,"12","2023-11","Active"
"b08a4895-d4ff-4666-b5c8-e90d9e3d750d","Samantha","Davis","2024-04-27",NULL,"HR","HR Manager","Female",23,"Chicago","Active","N/A",110496,"12","2024-04","Active"
"6683e107-96c0-44d0-af88-7f283e49fd09","Alexandria","Foster","2024-07-15",NULL,"Finance","Financial Analyst","Female",34,"New York","Active","N/A",83074,"0","2024-07","Active"
"c77444cb-5543-4c3c-b8b8-f24e56ea57b3","Gary","Dixon","2021-11-12",NULL,"IT","Data Analyst","Non-Binary",56,"Reno","Active","N/A",93770,"36","2021-11","Active"
"d6321d31-c8ac-4fcf-a04d-4d14197dbae1","Steve","Martinez","2023-09-23","2023-10-21","Operations","Logistics Coordinator","Non-Binary",46,"Chicago","Terminated","Voluntary",98911,"0","2023-09","Voluntary"
"aa1d3fc6-5f31-473d-9519-830c40198303","Rebecca","Martin","2021-09-07","2024-01-23","Marketing","Marketing Manager","Non-Binary",30,"Los Angeles","Terminated","Voluntary",131122,"24","2021-09","Voluntary"
"368acd40-b8f1-4e3c-99e7-703a70aa5b0d","Courtney","Hernandez","2020-05-10","2023-07-31","IT","Data Analyst","Non-Binary",37,"Chicago","Terminated","Involuntary",74441,"36","2020-05","Involuntary"
"6dec6bbd-f697-47a1-99fe-3d53624fea4b","Leonard","Taylor","2024-01-28","2024-10-21","Marketing","SEO Specialist","Male",30,"Las Vegas","Terminated","Voluntary",67415,"0","2024-01","Voluntary"
"3db788a6-1cdc-44c2-a2c9-65b27eb0f62a","Victor","Wheeler","2024-10-20","2025-04-17","HR","HR Specialist","Female",25,"New York","Terminated","Involuntary",71059,"0","2024-10","Involuntary"
"3eb13b90-4668-4257-bdd6-40fb06671ad1","Jeffrey","Doyle","2023-07-06",NULL,"Operations","Logistics Coordinator","Male",30,"Las Vegas","Active","N/A",91048,"12","2023-07","Active"
"972a8469-1641-4f82-8b9d-2434e465e150","Robert","Johnson","2023-09-12",NULL,"Operations","Logistics Coordinator","Non-Binary",49,"Las Vegas","Active","N/A",126482,"12","2023-09","Active"
"8fadc1a6-06cb-4fb3-9a1d-e644815ef6d1","James","Santos","2021-05-29",NULL,"HR","HR Manager","Non-Binary",23,"Reno","Active","N/A",85495,"36","2021-05","Active"
"47378190-96da-4dac-b2ff-5d2a386ecbe0","Lisa","Smith","2023-01-15",NULL,"IT","System Admin","Female",36,"Los Angeles","Active","N/A",146924,"24","2023-01","Active"
"47229389-571a-4876-ac30-7511b2b9437a","Eric","Bernard","2024-05-05",NULL,"Sales","Sales Rep","Non-Binary",49,"Chicago","Active","N/A",55851,"0","2024-05","Active"
"5be6128e-18c2-4797-a142-ea7d17be3111","Melanie","Munoz","2021-12-30",NULL,"Finance","Accountant","Male",46,"Las Vegas","Active","N/A",99118,"36","2021-12","Active"
"5c941cf0-dc98-42c1-a2ac-f72f9e574f7a","Barbara","Bush","2024-06-17",NULL,"HR","HR Manager","Female",58,"New York","Active","N/A",137397,"0","2024-06","Active"
"fc377a4c-4a15-444d-85e7-ce8a3a578a8e","Christopher","Hall","2020-07-17",NULL,"Operations","Logistics Coordinator","Female",27,"New York","Active","N/A",141673,"48","2020-07","Active"
"c6b6e4ad-e7ea-4d5a-b1a3-ac4d828c37e7","Michael","Luna","2020-11-19",NULL,"HR","HR Specialist","Non-Binary",46,"New York","Active","N/A",136006,"48","2020-11","Active"
"1a5165ca-3c7c-4d85-a5cf-0041d0a643fe","Dwayne","Gonzalez","2024-05-29",NULL,"IT","System Admin","Male",50,"Las Vegas","Active","N/A",145812,"0","2024-05","Active"
"134a5a2f-a7cf-405c-8257-cf73c29d782b","Gregory","Mejia","2023-04-29",NULL,"Marketing","Marketing Manager","Female",61,"Chicago","Active","N/A",149317,"24","2023-04","Active"
"f891b0c3-dd3f-487e-92bd-c6619fe0a8c7","Courtney","Hernandez","2023-06-29",NULL,"Finance","Financial Analyst","Female",40,"Los Angeles","Active","N/A",129766,"12","2023-06","Active"
"cbdc4318-4d85-43d2-a1a2-748571348c2a","Joshua","Brown","2020-08-27",NULL,"Sales","Sales Rep","Non-Binary",30,"Chicago","Active","N/A",76241,"48","2020-08","Active"
"09a0a0f6-73b0-4091-b634-c1694f76e388","Brian","Decker","2022-11-07",NULL,"HR","HR Manager","Male",55,"Las Vegas","Active","N/A",103655,"24","2022-11","Active"
"171dabf9-daf4-41a7-ba34-d2e8dd3f7d7e","Christina","Hunter","2020-09-12",NULL,"Finance","Financial Analyst","Female",54,"New York","Active","N/A",76012,"48","2020-09","Active"
"bd29ede9-cab4-423b-b448-83858de7ad6c","Paula","Cole","2022-08-17",NULL,"Marketing","SEO Specialist","Female",23,"Los Angeles","Active","N/A",84102,"24","2022-08","Active"
"9ae1a991-524f-43ff-b030-7633a6ded1d8","Thomas","Hernandez","2024-05-12",NULL,"HR","HR Specialist","Female",27,"Chicago","Active","N/A",104015,"0","2024-05","Active"
"d65e59dd-e62d-4d06-8f9b-85581a7f195b","Matthew","Klein","2020-08-15",NULL,"IT","System Admin","Non-Binary",43,"New York","Active","N/A",67987,"48","2020-08","Active"
"b526b22d-3f6c-41f7-8a05-37f02c2cd22b","Samuel","Gonzales","2022-11-02",NULL,"IT","System Admin","Male",52,"Los Angeles","Active","N/A",116925,"24","2022-11","Active"
"eafde7d9-5f73-4a3e-9d28-6aa428a39779","Justin","Ortiz","2022-12-05",NULL,"Sales","Sales Rep","Female",35,"New York","Active","N/A",65384,"24","2022-12","Active"
"da003f16-b946-4bcf-8082-cbb948bddb3e","Diane","Escobar","2023-09-15",NULL,"HR","HR Manager","Female",26,"Las Vegas","Active","N/A",138748,"12","2023-09","Active"
"a9e27ba9-952e-4abb-94dd-5061555736f8","Donald","Bailey","2024-09-05",NULL,"Marketing","Marketing Manager","Non-Binary",31,"Chicago","Active","N/A",57154,"0","2024-09","Active"
"2102f9c9-6457-4bc4-a981-b098b2cf952d","Brooke","Hurley","2025-02-25",NULL,"Marketing","Marketing Manager","Non-Binary",48,"New York","Active","N/A",101244,"0","2025-02","Active"
"54170a17-caaa-4bbe-a4bb-f962606e0e1c","Lisa","Santiago","2021-11-11",NULL,"Operations","Ops Manager","Male",55,"Reno","Active","N/A",123614,"36","2021-11","Active"
"f37fd50d-2e25-45ee-8f11-d8dc5cd33369","Jason","Meza","2022-02-14",NULL,"Finance","Financial Analyst","Male",44,"New York","Active","N/A",57128,"36","2022-02","Active"
"27aa7cbc-2337-4bbc-bffe-77c839feb99c","Chris","Richard","2022-09-29",NULL,"Operations","Ops Manager","Male",24,"Chicago","Active","N/A",68587,"24","2022-09","Active"
"bd17c5e8-d5ca-49ab-8a2e-6a93c5580bb2","Nicole","Johnson","2020-10-26",NULL,"Sales","Sales Rep","Non-Binary",51,"Los Angeles","Active","N/A",139252,"48","2020-10","Active"
"98e52499-218c-4e1c-9e37-4f7ac42cbc39","Nicholas","Martin","2021-12-30",NULL,"Operations","Logistics Coordinator","Non-Binary",51,"Las Vegas","Active","N/A",72675,"36","2021-12","Active"
"e7147668-cf1d-4d3a-9fee-fdffc566aa81","Gabriel","Kim","2024-06-21",NULL,"Finance","Accountant","Female",41,"Reno","Active","N/A",81144,"0","2024-06","Active"
"ef2ddcc4-8df6-41da-9f07-c1a5dfc620ce","Curtis","Singleton","2023-07-09",NULL,"IT","Data Analyst","Male",42,"Chicago","Active","N/A",97101,"12","2023-07","Active"
"290a3abb-c35b-4fea-9578-d70948f9e3d0","Joshua","Whitehead","2024-07-27",NULL,"Finance","Financial Analyst","Male",50,"Chicago","Active","N/A",149065,"0","2024-07","Active"
"e916da57-f248-43ab-977a-8a5f6ffe33b3","Jeffrey","Hayes","2021-01-19",NULL,"Marketing","SEO Specialist","Female",62,"Las Vegas","Active","N/A",101210,"48","2021-01","Active"
"657e01c9-0da2-4e5c-aa36-af1806d3db93","Wayne","Young","2022-01-23",NULL,"HR","Recruiter","Non-Binary",65,"New York","Active","N/A",108242,"36","2022-01","Active"
"519554e3-0737-4c86-b97b-5f515ffa46ef","Sarah","Combs","2025-04-15",NULL,"HR","HR Manager","Female",24,"New York","Active","N/A",134635,"0","2025-04","Active"
"09ce3cfb-2339-4a19-a563-7cc3ca97ebf5","Justin","Gallegos","2023-07-25",NULL,"HR","Recruiter","Female",46,"Reno","Active","N/A",139562,"12","2023-07","Active"
"781799ff-b49e-44cc-8243-69e72387eaf6","Shane","Smith","2023-10-18",NULL,"HR","Recruiter","Female",45,"Los Angeles","Active","N/A",144006,"12","2023-10","Active"
"2646eaf9-d5c0-444d-b735-262d41843b03","Ana","Acosta","2020-09-16",NULL,"HR","Recruiter","Female",42,"Chicago","Active","N/A",124397,"48","2020-09","Active"
"d6312a80-1c61-4ec2-9014-2131750565f5","Rebecca","Carlson","2024-04-13",NULL,"HR","HR Manager","Female",35,"Reno","Active","N/A",89116,"12","2024-04","Active"
"b7f28572-3def-4849-9336-4f7e83efa9f3","Douglas","Patterson","2020-05-25",NULL,"Finance","Accountant","Male",30,"Las Vegas","Active","N/A",119382,"48","2020-05","Active"
"2ff3cde4-6aa4-4c9f-9217-04753d959e3f","Elizabeth","Miller","2023-05-22",NULL,"Marketing","SEO Specialist","Male",65,"Chicago","Active","N/A",148502,"12","2023-05","Active"
"8b48f496-86ab-44e7-b412-436011536e99","William","Mcneil","2025-03-09",NULL,"Operations","Ops Manager","Female",32,"New York","Active","N/A",63511,"0","2025-03","Active"
"0b251279-785a-45d0-9f92-a62163f4c69d","Cynthia","Zavala","2023-01-31",NULL,"Finance","Accountant","Male",37,"Los Angeles","Active","N/A",70907,"24","2023-01","Active"
"114b9547-c9dc-42b8-9b6a-810204287378","Michael","Quinn","2021-08-01",NULL,"HR","Recruiter","Female",57,"New York","Active","N/A",130009,"36","2021-08","Active"
"f1901b7e-c6b4-49ef-b74e-ba9310275b53","Stephen","Carter","2024-05-15",NULL,"Marketing","Marketing Manager","Non-Binary",62,"Reno","Active","N/A",100156,"0","2024-05","Active"
"a59b457f-c0d7-4c73-895f-fa8140d92bce","James","Kelly","2023-01-11",NULL,"IT","Software Engineer","Non-Binary",36,"Chicago","Active","N/A",76229,"24","2023-01","Active"
"56cb1ab0-62fb-46d7-b4db-ca07e506f670","Terri","Crawford","2024-01-12",NULL,"IT","System Admin","Male",54,"New York","Active","N/A",135534,"12","2024-01","Active"
"4b3446bc-8ba4-45cc-ae32-6567d284f54e","Manuel","Miller","2023-04-30",NULL,"HR","HR Manager","Female",63,"New York","Active","N/A",139076,"12","2023-04","Active"
"b7b8c1a5-9a45-493d-b227-890e4e76833a","Ronald","Norris","2023-08-14",NULL,"Sales","Sales Rep","Female",62,"Reno","Active","N/A",138753,"12","2023-08","Active"
"e95f176c-deba-4186-ba10-82170ad7c9a2","Michael","Bolton","2022-01-26",NULL,"Finance","Financial Analyst","Male",65,"Los Angeles","Active","N/A",94596,"36","2022-01","Active"
"0eaf04b5-f2a9-4c8a-8a9e-4a62fae3114b","Charles","Walsh","2021-09-08",NULL,"Finance","Accountant","Male",50,"Los Angeles","Active","N/A",145257,"36","2021-09","Active"
"28f4e3ce-aded-4a80-bff9-507dcd14a03e","Stephanie","Thomas","2022-02-17",NULL,"Marketing","Marketing Manager","Female",42,"Chicago","Active","N/A",99589,"36","2022-02","Active"
"20509c62-08e8-45d7-b02c-1821c8040fb7","Carlos","Osborne","2023-05-09",NULL,"Marketing","Marketing Manager","Female",37,"Los Angeles","Active","N/A",103567,"12","2023-05","Active"
"084a6780-9136-41f8-b310-46dc6202bee6","Cassie","Shelton","2022-02-22",NULL,"HR","HR Specialist","Male",25,"Chicago","Active","N/A",87495,"36","2022-02","Active"
"b43bd27f-42a2-49a6-8664-12854303cbc1","Sean","Davies","2023-02-14",NULL,"HR","HR Manager","Female",37,"New York","Active","N/A",106543,"24","2023-02","Active"
"333ee344-7dbf-4bc1-bfa6-23d0ea9e5c8d","David","Farrell","2021-09-28",NULL,"Sales","Account Manager","Female",60,"Los Angeles","Active","N/A",61624,"36","2021-09","Active"
"ff4c96d6-71f2-4e8f-b69f-68c3e60fd420","Christopher","Fleming","2022-07-29",NULL,"Finance","Financial Analyst","Male",38,"Chicago","Active","N/A",69089,"24","2022-07","Active"
"b5a47200-58f0-4d23-aaf7-8c6751d08109","Calvin","Daniels","2024-07-16",NULL,"Marketing","Marketing Manager","Non-Binary",57,"New York","Active","N/A",107505,"0","2024-07","Active"
"b5a5f8e6-b639-4f04-a852-4385d9f2dd0d","Sara","Little","2024-10-08",NULL,"Finance","Financial Analyst","Non-Binary",50,"Reno","Active","N/A",64637,"0","2024-10","Active"
"b788f5d1-ffe5-45f6-a5ed-cfe34f2dad3f","Jennifer","Fox","2020-09-29",NULL,"HR","Recruiter","Non-Binary",51,"New York","Active","N/A",98652,"48","2020-09","Active"
"f4d375c1-a293-49fa-b240-d7a14027ab7d","Andrea","Martinez","2024-07-17",NULL,"Sales","Account Manager","Male",55,"Reno","Active","N/A",61731,"0","2024-07","Active"
"a417c093-80a8-423d-97ea-ec838892042f","Gary","David","2021-10-29",NULL,"Marketing","Marketing Manager","Male",58,"Las Vegas","Active","N/A",144224,"36","2021-10","Active"
"e6e987ca-b87b-4384-9fdd-de2ea8a2b7ad","Cassie","Kirby","2021-01-31",NULL,"IT","Software Engineer","Male",48,"New York","Active","N/A",96116,"48","2021-01","Active"
"14cb0564-0743-4c3b-9d20-c3bfd342af08","Brandon","May","2023-02-18",NULL,"Marketing","SEO Specialist","Non-Binary",25,"New York","Active","N/A",135147,"24","2023-02","Active"
"92779574-c457-4cc3-b5f7-89bca6b07458","Robert","Fowler","2023-03-14",NULL,"Sales","Account Manager","Non-Binary",46,"Chicago","Active","N/A",97604,"24","2023-03","Active"
"a4540937-4a27-4bf2-8baa-f744a08dd21b","Sue","Webb","2022-10-21",NULL,"IT","Software Engineer","Non-Binary",44,"Chicago","Active","N/A",124878,"24","2022-10","Active"
"741b77f5-4c24-4053-a7f5-ae02af5b8f47","Charles","Brown","2024-05-03",NULL,"Sales","Account Manager","Non-Binary",41,"New York","Active","N/A",87311,"0","2024-05","Active"
"f6729464-3f8e-440a-ab0a-e0e39d896047","Michelle","Moore","2022-03-27",NULL,"Operations","Ops Manager","Non-Binary",52,"New York","Active","N/A",112983,"36","2022-03","Active"
"170d7507-05ee-41d4-bf53-a88e4efc8248","Sierra","Wagner","2022-10-22",NULL,"Sales","Sales Rep","Male",64,"Reno","Active","N/A",86363,"24","2022-10","Active"
"0c74dc0f-5a57-4539-9556-0a2d3713b466","Brent","Simpson","2025-02-23",NULL,"IT","Data Analyst","Female",43,"Los Angeles","Active","N/A",61880,"0","2025-02","Active"
"4926ce5f-7878-4140-ac2a-4f71a77d95f1","Amanda","Boone","2024-09-22",NULL,"HR","HR Specialist","Non-Binary",32,"Los Angeles","Active","N/A",73018,"0","2024-09","Active"
"49e1cd13-8da0-4495-9cce-5ba931d4ee09","Charles","Gordon","2023-03-02",NULL,"Operations","Logistics Coordinator","Non-Binary",24,"New York","Active","N/A",66725,"24","2023-03","Active"
"8ece1128-56ce-4b42-bc9e-1dcbcb7e6268","Sheila","Fischer","2022-04-14",NULL,"HR","HR Manager","Male",43,"Chicago","Active","N/A",129443,"36","2022-04","Active"
"e4a4474c-9b33-43a4-a620-f9a974fd33d1","Zachary","Murphy","2022-09-07",NULL,"Finance","Financial Analyst","Non-Binary",33,"Las Vegas","Active","N/A",115150,"24","2022-09","Active"
"9dd2f9de-fd98-4e33-a498-abe92999bbef","Jodi","Evans","2023-05-19",NULL,"Operations","Logistics Coordinator","Male",61,"Los Angeles","Active","N/A",93669,"12","2023-05","Active"
"7d66971e-8847-4c56-827c-9f8cd40ac5e9","Jeanne","Evans","2021-12-30",NULL,"Marketing","SEO Specialist","Non-Binary",28,"New York","Active","N/A",66368,"36","2021-12","Active"
"1c0f0bdc-ac7e-437c-94cc-1e2a5e4cb287","Tina","Silva","2024-05-23",NULL,"IT","Data Analyst","Female",46,"New York","Active","N/A",87512,"0","2024-05","Active"
"3a4045dd-93df-4907-9416-e4dcc6b28def","Jennifer","Silva","2024-03-24",NULL,"Operations","Logistics Coordinator","Female",41,"New York","Active","N/A",142528,"12","2024-03","Active"
"c64c9647-9ea7-417c-b89f-7039a107cc46","Maureen","Hernandez","2021-03-02",NULL,"Marketing","SEO Specialist","Non-Binary",29,"Chicago","Active","N/A",147216,"48","2021-03","Active"
"b35556a5-f2bd-42f2-9293-f70508150147","Daniel","Smith","2023-09-20",NULL,"Finance","Accountant","Female",31,"Los Angeles","Active","N/A",83721,"12","2023-09","Active"
"b4adaf89-0ff1-4a9f-ba37-0623bc5fd4dd","Devin","Clark","2024-09-04",NULL,"IT","Data Analyst","Non-Binary",50,"Reno","Active","N/A",133094,"0","2024-09","Active"
"607796a3-8685-4baa-ba76-8555a987b218","Lee","Thompson","2021-12-09",NULL,"Operations","Logistics Coordinator","Male",57,"Reno","Active","N/A",128946,"36","2021-12","Active"
"ad05b912-5ab2-4d4a-8bd8-8fcd57a2be4e","Kelsey","Le","2024-11-15",NULL,"IT","Data Analyst","Female",55,"Los Angeles","Active","N/A",74641,"0","2024-11","Active"
"7bf33a34-9c2d-4a97-83ad-3d62b17cfb21","James","Wright","2023-07-13",NULL,"HR","HR Manager","Female",27,"Reno","Active","N/A",148967,"12","2023-07","Active"
"8f7c1d59-594b-4a3a-bad4-65a15129950d","Sarah","Pope","2023-11-03",NULL,"Sales","Sales Rep","Female",38,"Las Vegas","Active","N/A",95392,"12","2023-11","Active"
"8b0e8eb1-ad37-4d9e-92cf-60211f33242d","Noah","Baird","2021-09-06",NULL,"Operations","Logistics Coordinator","Female",44,"Las Vegas","Active","N/A",64572,"36","2021-09","Active"
"1bf645f6-2324-4211-8588-fc1bb2384849","Christina","Matthews","2024-12-23",NULL,"HR","HR Manager","Male",63,"Chicago","Active","N/A",141742,"0","2024-12","Active"
"39c59df9-87f2-45d6-a7ba-26acab7a3d1c","Dana","Williams","2021-07-11",NULL,"HR","Recruiter","Non-Binary",30,"New York","Active","N/A",125419,"36","2021-07","Active"
"e1721c83-ef5e-4376-a723-fb72682b163a","Natalie","Woods","2024-12-16",NULL,"Sales","Sales Rep","Female",44,"New York","Active","N/A",85102,"0","2024-12","Active"
"4910fade-5238-4bf2-8988-e418f6c31218","Debbie","Velez","2021-04-24",NULL,"Finance","Accountant","Non-Binary",48,"Reno","Active","N/A",69790,"48","2021-04","Active"
"bd1a8f4b-88ff-4d40-bb72-c86d92fa675f","Jennifer","Zuniga","2020-10-05",NULL,"HR","HR Specialist","Non-Binary",24,"Los Angeles","Active","N/A",63819,"48","2020-10","Active"
"d66d4627-e1da-4e6a-aafa-828c2cd10b9f","Gregory","Gillespie","2024-11-17",NULL,"Sales","Sales Rep","Non-Binary",24,"Los Angeles","Active","N/A",61380,"0","2024-11","Active"
"2fb21e66-7ed1-4aab-89b7-c9bc65a16fa9","Sharon","Hayden","2025-04-19",NULL,"Marketing","Marketing Manager","Male",54,"Chicago","Active","N/A",83477,"0","2025-04","Active"
"6d7df5d0-d3b5-4af7-a7ce-378fe5a4983b","Zachary","Miller","2024-08-05",NULL,"IT","System Admin","Female",37,"New York","Active","N/A",79101,"0","2024-08","Active"
"546252e7-f43b-4052-8459-bd6ec0f63229","Kevin","Sharp","2021-06-29",NULL,"Sales","Sales Rep","Female",35,"Chicago","Active","N/A",105910,"36","2021-06","Active"
"3c7e5368-b159-4847-9c0b-9b10a757cb10","Bryan","Wilson","2020-05-15",NULL,"Operations","Ops Manager","Male",56,"New York","Active","N/A",113954,"48","2020-05","Active"
"ec50ace4-80a5-4e65-afa2-855967c96204","Paula","Padilla","2021-11-06",NULL,"HR","HR Manager","Non-Binary",24,"Las Vegas","Active","N/A",143299,"36","2021-11","Active"
"87365a84-725e-434d-8687-9aa914f573d0","Jane","Miller","2024-09-05",NULL,"Finance","Financial Analyst","Female",28,"Los Angeles","Active","N/A",122215,"0","2024-09","Active"
"ae27d432-1dc1-47eb-b11c-767385351a69","Jamie","Aguilar","2021-12-15",NULL,"Operations","Ops Manager","Female",31,"New York","Active","N/A",89180,"36","2021-12","Active"
"0e3e25f2-cf06-41c7-b20b-274b82a7f586","Shawn","Palmer","2020-10-08",NULL,"Finance","Accountant","Female",57,"Chicago","Active","N/A",129683,"48","2020-10","Active"
"12b2102d-940c-4503-b7c8-6152beed0af9","Brandon","Cooper","2024-05-24",NULL,"IT","Software Engineer","Male",56,"Las Vegas","Active","N/A",126636,"0","2024-05","Active"
"e4eb8000-ef40-4162-8f6c-e9bffe7ee362","Cesar","Peck","2020-08-19",NULL,"Sales","Sales Rep","Male",48,"New York","Active","N/A",64742,"48","2020-08","Active"
"22ab7752-c4db-4a62-ae13-418d68ab80ea","Katie","Good","2020-06-21",NULL,"Operations","Logistics Coordinator","Male",35,"Reno","Active","N/A",147690,"48","2020-06","Active"
"e42e707a-fe2b-4987-9fdc-abbf6b9cd71c","Patrick","Kane","2023-07-18",NULL,"Marketing","SEO Specialist","Non-Binary",53,"Las Vegas","Active","N/A",135980,"12","2023-07","Active"
"f6d22a7b-aec7-4a82-948b-4376602a4e57","Dorothy","Ryan","2024-11-05",NULL,"HR","HR Specialist","Male",55,"Chicago","Active","N/A",108914,"0","2024-11","Active"
"fa7e5d94-05d1-4b63-8194-f97f00e3a026","Kenneth","Nunez","2021-06-05",NULL,"Sales","Account Manager","Female",39,"Los Angeles","Active","N/A",80156,"36","2021-06","Active"
"3acb43a3-d2c7-4ffb-a118-433b882ccd1e","John","Reed","2023-01-14",NULL,"HR","Recruiter","Non-Binary",37,"New York","Active","N/A",108218,"24","2023-01","Active"
"c3f725fe-b99b-4b5a-a00d-a49deffa2002","Daniel","Pacheco","2021-09-10",NULL,"Finance","Accountant","Male",47,"Los Angeles","Active","N/A",65566,"36","2021-09","Active"
"e39836bb-e23d-4faa-afad-49e9c41c147e","Alexis","Harris","2022-05-30",NULL,"Marketing","Marketing Manager","Non-Binary",32,"Las Vegas","Active","N/A",62355,"24","2022-05","Active"
"937bf79b-bb44-4adc-aa98-fef8d0d75e37","Luis","Harper","2021-10-05",NULL,"Sales","Sales Rep","Female",23,"New York","Active","N/A",59312,"36","2021-10","Active"
"e0527739-4d40-4f1b-bca5-be2952171bf3","Douglas","Keller","2023-09-05",NULL,"Sales","Account Manager","Male",41,"New York","Active","N/A",148416,"12","2023-09","Active"
"8e85140d-0f9a-4b70-8670-7cd64ceda164","Stacy","Hobbs","2021-06-02",NULL,"Sales","Account Manager","Female",30,"Las Vegas","Active","N/A",106007,"36","2021-06","Active"
"8e4c3ab5-6d5d-4477-adc2-9178a0411612","Tyler","Compton","2024-11-14",NULL,"Sales","Sales Rep","Male",49,"New York","Active","N/A",100332,"0","2024-11","Active"
"86433603-c92a-4d7c-a193-5990abdd1a8f","Lucas","Butler","2025-01-08",NULL,"HR","HR Manager","Female",42,"Las Vegas","Active","N/A",135460,"0","2025-01","Active"
"89b5aab0-c121-49db-af12-b150605fb1eb","Thomas","Atkinson","2021-01-22",NULL,"Operations","Ops Manager","Male",44,"Reno","Active","N/A",114054,"48","2021-01","Active"
"7688d11f-ce47-48be-a4f4-3c62b523c0de","Robin","Hart","2021-10-26",NULL,"Marketing","SEO Specialist","Male",61,"Chicago","Active","N/A",144088,"36","2021-10","Active"
"636f6e5c-2253-4706-87ad-8b268eaa5841","John","Harris","2025-02-25",NULL,"IT","Software Engineer","Male",46,"New York","Active","N/A",65752,"0","2025-02","Active"
"5efeef4f-d8dd-4bc0-b325-3aa3ec170298","Christopher","Hardy","2023-07-19",NULL,"Operations","Logistics Coordinator","Male",22,"Chicago","Active","N/A",102277,"12","2023-07","Active"
"9adf4709-ac75-4344-a08e-149e44b9e602","Carrie","Russo","2021-04-07",NULL,"Marketing","Marketing Manager","Male",27,"New York","Active","N/A",90358,"48","2021-04","Active"
"abe42e7d-b96c-4163-966b-e275c2fe8954","Angelica","Mendoza","2021-04-03",NULL,"Marketing","SEO Specialist","Male",23,"Las Vegas","Active","N/A",127710,"48","2021-04","Active"
"e8b3d763-f4ff-4f3a-8d9d-baeb553d2625","Alexis","Giles","2024-08-29",NULL,"Finance","Financial Analyst","Female",22,"Chicago","Active","N/A",133240,"0","2024-08","Active"
"c11bd1c4-ffe3-4366-bf33-7a151e086f20","Timothy","Sanchez","2025-02-14",NULL,"Marketing","Marketing Manager","Non-Binary",55,"New York","Active","N/A",66101,"0","2025-02","Active"
"3d44cb2c-ea45-4a41-a589-ada1345af934","Andrea","Rowe","2023-05-03",NULL,"Operations","Ops Manager","Female",39,"Los Angeles","Active","N/A",73198,"12","2023-05","Active"
"4ef4c34d-5bf8-4f3c-a612-9a1c889d4b76","Jose","Hunt","2022-03-21",NULL,"IT","Software Engineer","Female",41,"Los Angeles","Active","N/A",111973,"36","2022-03","Active"
"b8f0188e-fb37-4fae-8d85-63ca193e638d","Terrance","Franco","2022-10-20",NULL,"HR","HR Manager","Non-Binary",53,"Reno","Active","N/A",87321,"24","2022-10","Active"
"0bb401e7-69f7-43f1-901b-a8515ee68495","Anna","Walker","2024-11-19",NULL,"Sales","Sales Rep","Female",22,"Los Angeles","Active","N/A",69021,"0","2024-11","Active"
"3ee82983-d557-4241-91dd-b9bf613d2de9","Victor","Pena","2021-12-18",NULL,"IT","System Admin","Male",52,"Chicago","Active","N/A",134064,"36","2021-12","Active"
"862138ad-0f09-405c-b50d-7a37a44d9fec","Arthur","Bradford","2023-01-09",NULL,"Sales","Sales Rep","Non-Binary",57,"Las Vegas","Active","N/A",126516,"24","2023-01","Active"
"01a25ed1-c3ab-45f1-8c6b-7074ab102c9b","Robert","Kirby","2025-01-14",NULL,"Operations","Logistics Coordinator","Female",40,"Las Vegas","Active","N/A",147847,"0","2025-01","Active"
"37fe032c-0257-4851-a6a9-e100b509109b","William","Brooks","2021-06-21",NULL,"Marketing","SEO Specialist","Male",38,"New York","Active","N/A",73242,"36","2021-06","Active"
"e9aa144b-9dd4-4675-af14-5064aab07015","Timothy","Freeman","2023-05-28",NULL,"Operations","Logistics Coordinator","Female",60,"Los Angeles","Active","N/A",104412,"12","2023-05","Active"
"04482a22-0308-4a5e-a94d-7b008d388327","Alyssa","Hill","2020-05-07",NULL,"Sales","Account Manager","Non-Binary",24,"Chicago","Active","N/A",121402,"48","2020-05","Active"
"3db02235-261e-4555-863e-1f2a18a806ef","James","Fox","2020-11-06",NULL,"IT","System Admin","Non-Binary",65,"Los Angeles","Active","N/A",60806,"48","2020-11","Active"
"d3fbe043-af1d-4a1a-8ccb-235539d1c7ff","Melanie","Valdez","2025-04-07",NULL,"Sales","Sales Rep","Female",45,"Los Angeles","Active","N/A",128137,"0","2025-04","Active"
"ec95b3ac-0beb-4c34-8566-7c4879ba630a","Charles","Frost","2024-10-01",NULL,"Finance","Accountant","Male",43,"Las Vegas","Active","N/A",60856,"0","2024-10","Active"
"d226a8b3-b674-410d-9218-c9d6c093bfb0","Raymond","Jones","2023-04-01",NULL,"Sales","Sales Rep","Female",62,"New York","Active","N/A",115562,"24","2023-04","Active"
"d9750f00-d5ab-48ae-9112-fbc03d8f95f4","Paul","Mosley","2021-02-15",NULL,"IT","Software Engineer","Male",61,"New York","Active","N/A",111640,"48","2021-02","Active"
"ca5e151b-23d3-4d4c-bd5f-f093c16f9bcc","Vanessa","Ramsey","2021-12-21",NULL,"Marketing","Marketing Manager","Non-Binary",35,"New York","Active","N/A",105965,"36","2021-12","Active"
"f80b2cea-658e-44a2-9879-cf35f4719986","Kim","Johnson","2024-02-28",NULL,"Finance","Financial Analyst","Non-Binary",53,"Reno","Active","N/A",69936,"12","2024-02","Active"
"3a67470c-7d98-402f-b357-41e5fe1a1ba9","Michael","Pugh","2021-09-06",NULL,"Operations","Ops Manager","Non-Binary",29,"Chicago","Active","N/A",105939,"36","2021-09","Active"
"6147adeb-277b-4667-8499-d0a615007170","Jennifer","Walters","2023-11-18",NULL,"Operations","Logistics Coordinator","Female",29,"New York","Active","N/A",70448,"12","2023-11","Active"
"176de21f-1b46-4bdc-9c56-d9bc5111d31d","Adam","Parker","2024-01-05",NULL,"Finance","Financial Analyst","Female",60,"New York","Active","N/A",121954,"12","2024-01","Active"
"16591c89-21eb-4aa9-9a2b-d69c450f69ee","Jacob","Cole","2022-02-11",NULL,"Sales","Account Manager","Non-Binary",56,"New York","Active","N/A",79347,"36","2022-02","Active"
"16f142a2-06b9-49aa-9a71-67c768759545","Michael","Davis","2023-02-01",NULL,"Sales","Sales Rep","Male",42,"Los Angeles","Active","N/A",92858,"24","2023-02","Active"
"0328c136-629e-43d8-9d1c-a267530ddda6","Kelly","Hughes","2023-04-22",NULL,"Sales","Sales Rep","Female",30,"New York","Active","N/A",102059,"24","2023-04","Active"
"44b64ec1-4d16-4049-84d7-df9a238b05b7","Trevor","Brown","2022-03-21",NULL,"IT","Data Analyst","Female",24,"Chicago","Active","N/A",59044,"36","2022-03","Active"
"c85cd714-7bf6-4552-8cbc-90446bcd5ce7","Chase","King","2022-06-27",NULL,"IT","Software Engineer","Non-Binary",53,"Reno","Active","N/A",77047,"24","2022-06","Active"
"9dde0188-9803-422e-beec-e88da002352a","James","Rodriguez","2021-07-19",NULL,"Sales","Account Manager","Non-Binary",45,"Reno","Active","N/A",69969,"36","2021-07","Active"
"c82f78fd-936c-431c-b7bf-52447db2a7aa","John","Bennett","2023-10-15",NULL,"Operations","Logistics Coordinator","Male",35,"Las Vegas","Active","N/A",135760,"12","2023-10","Active"
"ee9bf3e1-1d27-409a-9d71-a89864976593","Anne","Vargas","2024-05-24",NULL,"Sales","Sales Rep","Female",40,"Chicago","Active","N/A",91842,"0","2024-05","Active"
"06e3f949-8cd3-4c62-8482-9b71ae84b81c","Stephanie","Murray","2023-01-16",NULL,"Sales","Sales Rep","Male",48,"Las Vegas","Active","N/A",122425,"24","2023-01","Active"
"9912316a-fd9e-4e20-b2f6-095812ef6101","Timothy","Morales","2024-04-04",NULL,"Operations","Logistics Coordinator","Non-Binary",27,"Los Angeles","Active","N/A",114243,"12","2024-04","Active"
"6b15c11b-b113-450b-9ea0-50c6eb9ed274","Amy","Gibbs","2022-11-06",NULL,"Sales","Account Manager","Female",53,"Chicago","Active","N/A",146056,"24","2022-11","Active"
"98049562-8972-4bbd-8ff2-b1c4e53f9644","Danielle","Miller","2022-02-10",NULL,"Sales","Account Manager","Non-Binary",64,"Chicago","Active","N/A",67208,"36","2022-02","Active"
"b0c07fcc-96ad-44df-adf7-5924c5b8386b","Vincent","Cooper","2022-04-09",NULL,"Marketing","Marketing Manager","Non-Binary",30,"Chicago","Active","N/A",111072,"36","2022-04","Active"
"c8c5eb2a-7490-4deb-97d3-37d34fd80bbb","Jamie","Webb","2021-01-08",NULL,"Finance","Accountant","Male",47,"Chicago","Active","N/A",140054,"48","2021-01","Active"
"73d39457-b25f-43df-b8d4-9848702ba49f","Luis","Evans","2022-09-11",NULL,"Operations","Ops Manager","Non-Binary",27,"Las Vegas","Active","N/A",85689,"24","2022-09","Active"
"57d3f4dd-d963-4c72-85c8-234b1d763a66","Deborah","Byrd","2024-05-13",NULL,"HR","HR Specialist","Non-Binary",36,"Reno","Active","N/A",65215,"0","2024-05","Active"
"84182d35-3e71-4433-bd90-b81afbe0e6b8","Greg","Moore","2021-02-19",NULL,"Operations","Ops Manager","Male",49,"New York","Active","N/A",56056,"48","2021-02","Active"
"cc39b925-3b5a-4288-b649-2e64f55dce6d","Richard","Lopez","2023-02-11",NULL,"Marketing","Marketing Manager","Non-Binary",28,"Las Vegas","Active","N/A",105209,"24","2023-02","Active"
"bcc57be0-0779-450a-a544-e3136ea05d13","Christina","Gonzalez","2023-07-08",NULL,"Finance","Accountant","Female",30,"New York","Active","N/A",94223,"12","2023-07","Active"
"36fce0ac-b469-4db3-8123-a348638abdf6","Jamie","Goodwin","2023-04-11",NULL,"HR","HR Manager","Non-Binary",32,"Los Angeles","Active","N/A",56110,"24","2023-04","Active"
"ccac2fb5-1a0c-4c04-93cd-129110042d82","Monica","Lopez","2024-05-10",NULL,"Finance","Accountant","Female",61,"Los Angeles","Active","N/A",137323,"0","2024-05","Active"
"abb316a7-4329-4780-9d2c-272175220646","Michelle","Rose","2021-12-11",NULL,"IT","Data Analyst","Male",59,"Los Angeles","Active","N/A",68168,"36","2021-12","Active"
"ccf4ffb0-b4bb-473f-ac70-51d1d051267f","Kenneth","Mendez","2023-05-27",NULL,"IT","System Admin","Non-Binary",40,"Las Vegas","Active","N/A",133644,"12","2023-05","Active"
"93267d25-234b-4562-98af-5cca6b11b7cb","Patrick","Lopez","2022-11-13",NULL,"Operations","Ops Manager","Female",29,"New York","Active","N/A",86370,"24","2022-11","Active"
"ee4205ee-a52f-43ec-ab4e-2281b184d1fc","Zoe","Peters","2023-06-29",NULL,"Marketing","Marketing Manager","Female",42,"New York","Active","N/A",64307,"12","2023-06","Active"
"624a2a50-d0b1-4de0-b1f3-f0c022f3f068","Tamara","Wagner","2020-05-12",NULL,"Sales","Sales Rep","Male",25,"Los Angeles","Active","N/A",89365,"48","2020-05","Active"
"b5cbe3f5-6a66-4184-bde1-bf5daf4847f0","Mary","Burns","2022-10-15",NULL,"Sales","Account Manager","Female",47,"Las Vegas","Active","N/A",148405,"24","2022-10","Active"
"38749f3c-c2d4-4b56-8bbe-d98007e67cb0","Kelly","Hill","2020-09-22",NULL,"Operations","Logistics Coordinator","Female",27,"Chicago","Active","N/A",135746,"48","2020-09","Active"
"90ce77e9-7513-43b9-87de-96ea2b0fbe44","Julia","Cannon","2023-01-01",NULL,"HR","HR Specialist","Non-Binary",42,"Los Angeles","Active","N/A",81633,"24","2023-01","Active"
"44945e09-1d3c-45a4-929d-63771cfb655f","Kimberly","Morrow","2023-01-23",NULL,"Sales","Sales Rep","Female",49,"New York","Active","N/A",140175,"24","2023-01","Active"
"c28fa16b-0aa6-4cb9-81bc-be59d296a12d","Jennifer","Payne","2022-02-23",NULL,"HR","HR Specialist","Female",61,"Reno","Active","N/A",111948,"36","2022-02","Active"
"a757075b-d47f-43b1-bc69-c1551a37f6bd","Karen","Evans","2025-04-06",NULL,"HR","HR Manager","Male",29,"Las Vegas","Active","N/A",141252,"0","2025-04","Active"
"dcb91d5f-593c-472b-8347-dbca7321a8b2","Lisa","Gonzales","2025-04-23",NULL,"Operations","Logistics Coordinator","Female",44,"Reno","Active","N/A",56487,"0","2025-04","Active"
"9dbc15c0-2a7d-457c-ad9c-5b50a1fd4187","Donald","Clark","2023-11-13",NULL,"HR","Recruiter","Non-Binary",26,"Chicago","Active","N/A",111272,"12","2023-11","Active"
"695e5ea9-c923-4c64-8006-2b5bf67839b2","Samantha","Riddle","2020-10-15",NULL,"Operations","Logistics Coordinator","Male",22,"New York","Active","N/A",84937,"48","2020-10","Active"
"21f8072d-ddb7-470e-b390-b059207bbe21","John","Dawson","2024-08-25",NULL,"HR","HR Specialist","Male",24,"Reno","Active","N/A",105197,"0","2024-08","Active"
"64880945-ad1d-4537-97f3-4368c2efeecb","Tracy","Ray","2024-06-15",NULL,"Operations","Logistics Coordinator","Female",37,"Los Angeles","Active","N/A",109967,"0","2024-06","Active"
"135508d0-73b5-4ad5-a00b-4b356a0aa7d5","Cynthia","Beard","2021-08-28",NULL,"Operations","Ops Manager","Male",54,"Las Vegas","Active","N/A",65208,"36","2021-08","Active"
"b1d81887-4739-4c7b-bff3-0c8d83ff3e96","Sharon","Wood","2020-10-11",NULL,"IT","Data Analyst","Female",26,"Los Angeles","Active","N/A",122603,"48","2020-10","Active"
"d9a09007-5bb4-4c18-b281-87c4aa055442","Bryan","Ferguson","2022-08-10",NULL,"Finance","Financial Analyst","Non-Binary",61,"New York","Active","N/A",128899,"24","2022-08","Active"
"7ea5a387-363b-45cb-9329-37246dfd171a","Joseph","Clayton","2021-05-27",NULL,"Marketing","Marketing Manager","Non-Binary",56,"New York","Active","N/A",119665,"36","2021-05","Active"
"da385db5-90ee-4067-a16e-9fe593f37596","Todd","Cooper","2022-01-01",NULL,"IT","Data Analyst","Male",56,"Chicago","Active","N/A",108744,"36","2022-01","Active"
"fde91c42-002c-4c22-b4de-5f7070f81dba","Susan","Harris","2024-08-08",NULL,"HR","Recruiter","Female",25,"New York","Active","N/A",86217,"0","2024-08","Active"
"4d470ed6-a666-4769-a1d4-6f8221c50e41","Erik","Cantu","2023-10-04",NULL,"Operations","Logistics Coordinator","Non-Binary",48,"Chicago","Active","N/A",60754,"12","2023-10","Active"
"c156e501-b30e-46e8-b9da-5f8c4e35da80","Jim","Rios","2022-04-18",NULL,"HR","Recruiter","Non-Binary",30,"New York","Active","N/A",63163,"36","2022-04","Active"
"13f3cade-7a10-413f-b6a2-c52b00473139","David","Perez","2023-10-31",NULL,"Finance","Financial Analyst","Non-Binary",42,"Chicago","Active","N/A",96288,"12","2023-10","Active"
"57f479b5-b212-46ee-8210-63710260a123","Lisa","Mcneil","2023-09-18",NULL,"Marketing","Marketing Manager","Male",59,"Las Vegas","Active","N/A",64789,"12","2023-09","Active"
"3a9c4308-1221-4ddf-ba4a-902f21d63b0f","Patrick","Cross","2022-06-05",NULL,"IT","Software Engineer","Female",48,"Las Vegas","Active","N/A",113925,"24","2022-06","Active"
"4c9bff5c-e188-4eaf-9e18-85c35037cd6b","Derrick","Ayala","2020-10-29",NULL,"Sales","Account Manager","Female",51,"Chicago","Active","N/A",82215,"48","2020-10","Active"
"ad58db1b-fe31-437a-a43e-558c2215df00","Douglas","Moreno","2024-01-30",NULL,"HR","Recruiter","Non-Binary",60,"Las Vegas","Active","N/A",144922,"12","2024-01","Active"
"379d58f9-dc26-4108-b140-11a1afc2ccfc","Christopher","Garcia","2022-05-16",NULL,"Marketing","SEO Specialist","Female",33,"Las Vegas","Active","N/A",143759,"24","2022-05","Active"
"99db1302-8dab-46d3-bf87-dfc2159152f2","Carol","Lawson","2021-09-12",NULL,"HR","HR Specialist","Male",47,"Chicago","Active","N/A",84135,"36","2021-09","Active"
"d8d994b8-d90f-44e9-86dd-f6cab0c30a59","Dominique","Turner","2024-03-17",NULL,"Operations","Logistics Coordinator","Non-Binary",59,"Chicago","Active","N/A",139500,"12","2024-03","Active"
"d58842de-a2bc-472f-b412-b29347294739","Michael","Wood","2020-10-26",NULL,"HR","HR Manager","Female",32,"Chicago","Active","N/A",114429,"48","2020-10","Active"
"aefcfad8-efc8-4849-b3aa-7efe4458a885","Deborah","Lynch","2021-05-12",NULL,"Finance","Accountant","Non-Binary",62,"New York","Active","N/A",89993,"36","2021-05","Active"
"7656af72-29d4-4eef-beab-edcbbaa80dd4","Noah","Mayo","2021-03-03",NULL,"Sales","Account Manager","Female",39,"Reno","Active","N/A",76417,"48","2021-03","Active"
"5304317f-af42-412f-b838-b3268e944239","Megan","Parsons","2023-07-07",NULL,"IT","Data Analyst","Male",42,"Los Angeles","Active","N/A",62331,"12","2023-07","Active"
"66b2bc5b-50c1-47fc-8e17-7b4e0837b8a3","Joseph","Clark","2021-06-17",NULL,"Finance","Financial Analyst","Male",63,"Los Angeles","Active","N/A",129341,"36","2021-06","Active"
"beb79919-3f22-4af8-a3be-d01d43cf2fde","Anna","Baker","2022-08-10",NULL,"Sales","Account Manager","Non-Binary",47,"Chicago","Active","N/A",131622,"24","2022-08","Active"
"27209bdf-1c11-4735-9c71-3d960c0fd195","Courtney","Conner","2020-10-08",NULL,"IT","Software Engineer","Non-Binary",26,"Los Angeles","Active","N/A",144192,"48","2020-10","Active"
"988c24c9-61b1-4d22-a280-1c4510435a10","Wendy","Rice","2022-06-04",NULL,"Marketing","SEO Specialist","Non-Binary",22,"Las Vegas","Active","N/A",116348,"24","2022-06","Active"
"4b22d308-1c8e-4ee9-9715-bd6fa4161293","Ryan","Chavez","2021-08-25",NULL,"IT","System Admin","Female",54,"New York","Active","N/A",149646,"36","2021-08","Active"
"ce88cb2d-d4e8-4839-bc3e-058be0f3eab0","Kyle","Brown","2024-12-16",NULL,"HR","HR Manager","Male",30,"Los Angeles","Active","N/A",64071,"0","2024-12","Active"
"bb5e4bcf-15ed-4269-9429-6c07f26b4776","Todd","Jones","2024-09-14",NULL,"Sales","Account Manager","Male",56,"New York","Active","N/A",124163,"0","2024-09","Active"
"a8e56e0c-20de-435d-a031-d750c40db9b4","Thomas","Pierce","2024-02-12",NULL,"Operations","Ops Manager","Female",55,"Los Angeles","Active","N/A",143039,"12","2024-02","Active"
"f6e07cc0-6c52-449f-9b49-bd26df57c59a","Jason","Ryan","2021-08-21",NULL,"HR","Recruiter","Male",59,"Reno","Active","N/A",63392,"36","2021-08","Active"
"66245bfa-4fcc-439a-b683-d2e6337ea2df","Wanda","Santos","2023-12-18",NULL,"IT","Data Analyst","Non-Binary",62,"Las Vegas","Active","N/A",55942,"12","2023-12","Active"
"3f76be1d-1efa-4197-b394-988f847fd9b4","Jeffrey","Morgan","2022-07-03",NULL,"IT","Software Engineer","Male",54,"New York","Active","N/A",59117,"24","2022-07","Active"
"01d74256-3860-4ab6-96a4-02f23ae8cc93","Chad","Welch","2023-04-04",NULL,"Finance","Accountant","Non-Binary",58,"Reno","Active","N/A",83080,"24","2023-04","Active"
"5496f63c-dc11-40c1-880a-adfbe7c99b26","Chad","Young","2021-06-17",NULL,"Marketing","SEO Specialist","Male",28,"Las Vegas","Active","N/A",116993,"36","2021-06","Active"
"b92da22b-21df-406f-8a0b-3c3336d8393a","Selena","Duncan","2023-08-29",NULL,"Operations","Ops Manager","Female",25,"Las Vegas","Active","N/A",110519,"12","2023-08","Active"
"683514f2-ceb8-4f9d-b914-c120c8dcd19f","James","Davis","2022-09-05",NULL,"HR","HR Specialist","Male",34,"New York","Active","N/A",99473,"24","2022-09","Active"
"dd2467ac-778e-4db3-a93d-ffbc6c6fa611","Jessica","Nunez","2022-06-21",NULL,"Sales","Sales Rep","Female",51,"New York","Active","N/A",110296,"24","2022-06","Active"
"ba6c34ab-6712-403a-8f84-4fef1931e9ee","Matthew","Hensley","2025-03-27",NULL,"HR","HR Specialist","Male",63,"Reno","Active","N/A",127132,"0","2025-03","Active"
"c0e9ab30-ed26-42e9-97e0-11b7f8102383","Melinda","Martin","2024-06-29",NULL,"Finance","Financial Analyst","Male",34,"Chicago","Active","N/A",127845,"0","2024-06","Active"
"309d258c-27a0-43d7-bc96-7f79b7e99aca","Kenneth","Novak","2023-02-03",NULL,"HR","Recruiter","Male",58,"New York","Active","N/A",85828,"24","2023-02","Active"
"504867ba-bf7b-439b-8f9a-ea4b8acd4e10","Brian","Silva","2023-03-18",NULL,"Sales","Sales Rep","Female",64,"Reno","Active","N/A",136183,"24","2023-03","Active"
"6449cb6f-bf72-4e52-b04b-237082701238","Kenneth","Brown","2022-11-26",NULL,"HR","HR Specialist","Non-Binary",50,"New York","Active","N/A",63450,"24","2022-11","Active"
"5c70ee97-fca4-4567-8316-d2d6fa4a58ef","Sarah","Anderson","2022-12-15",NULL,"Sales","Account Manager","Female",23,"Los Angeles","Active","N/A",149952,"24","2022-12","Active"
